Step,PruneCount,ExpandCount,AvgUsage,AvgSurprise
0,0,0,0.05118391662836075,0.00015582822379656136
1,0,0,0.09848561882972717,-0.002170179970562458
2,0,0,0.14238964021205902,-0.004847030155360699
3,0,0,0.18322862684726715,-0.007480827160179615
4,0,0,0.22159987688064575,-0.0073466794565320015
5,0,0,0.2574225664138794,-0.0068910373374819756
6,0,0,0.2916784882545471,-0.0056325774639844894
7,0,0,0.32423150539398193,-0.0036185639910399914
8,0,0,0.35441234707832336,-0.001268845284357667
9,0,0,0.382537305355072,0.0033268644474446774
10,0,0,0.4074867069721222,0.008303721435368061
11,0,0,0.4298907220363617,0.010076284408569336
12,0,0,0.45099958777427673,0.014258240349590778
13,0,0,0.4706067144870758,0.017755145207047462
14,0,0,0.48816999793052673,0.018715549260377884
15,0,0,0.5038478970527649,0.018357645720243454
16,0,0,0.518147885799408,0.014963089488446712
17,0,0,0.5311780571937561,0.014285778626799583
18,0,0,0.542506992816925,0.013092570006847382
19,0,0,0.552837610244751,0.010902504436671734
20,0,0,0.5623671412467957,0.011403597891330719
21,0,0,0.5714836120605469,0.009596120566129684
22,0,0,0.5798293352127075,0.005019302014261484
23,0,0,0.5875027179718018,0.004131679888814688
24,0,0,0.5943338871002197,0.0016573716420680285
25,0,0,0.6003974676132202,-0.0013414686545729637
26,0,0,0.6057429313659668,-0.0054969992488622665
27,0,0,0.6102921962738037,-0.010016734711825848
28,0,0,0.6144520044326782,-0.012641508132219315
29,0,0,0.6181923747062683,-0.016627049073576927
30,0,0,0.6211116313934326,-0.01993388682603836
31,0,0,0.6238957643508911,-0.02487757056951523
32,0,0,0.6263877749443054,-0.03095153532922268
33,0,0,0.6287727952003479,-0.034351613372564316
34,0,0,0.6311253309249878,-0.03877267986536026
35,0,0,0.6333091259002686,-0.043219778686761856
36,0,0,0.6351174712181091,-0.04715491086244583
37,0,0,0.6368961334228516,-0.051833346486091614
38,0,0,0.6382881999015808,-0.056428566575050354
39,0,0,0.6389658451080322,-0.060024965554475784
40,0,0,0.6389644145965576,-0.06481992453336716
41,0,0,0.6391177773475647,-0.06793972104787827
42,0,0,0.6397423148155212,-0.07154316455125809
43,0,0,0.6400964856147766,-0.07502506673336029
44,0,0,0.6404174566268921,-0.07872970402240753
45,0,0,0.6406048536300659,-0.08156838268041611
46,0,0,0.6406751275062561,-0.08410327881574631
47,0,0,0.640791654586792,-0.08731454610824585
48,0,0,0.6410465836524963,-0.0882449820637703
49,0,0,0.6413731575012207,-0.08998897671699524
50,0,0,0.6413695812225342,-0.09078361093997955
51,0,0,0.6414362192153931,-0.09056389331817627
52,0,0,0.6415210962295532,-0.08845039457082748
53,0,0,0.6415214538574219,-0.08770731091499329
54,0,0,0.6414041519165039,-0.08391301333904266
55,0,0,0.6415425539016724,-0.08068431168794632
56,0,0,0.6415172815322876,-0.07717123627662659
57,0,0,0.6411149501800537,-0.07422898709774017
58,0,0,0.6406230926513672,-0.069416843354702
59,0,0,0.6400636434555054,-0.06258273124694824
60,0,0,0.6394373178482056,-0.05722133815288544
61,0,0,0.6387049555778503,-0.05118895694613457
62,0,0,0.6381272077560425,-0.04553104564547539
63,0,0,0.6378699541091919,-0.039331693202257156
64,0,0,0.6382189989089966,-0.03190765529870987
65,0,0,0.6391801834106445,-0.024988431483507156
66,0,0,0.6402945518493652,-0.015699179843068123
67,0,0,0.6412292718887329,-0.0029700712766498327
68,0,0,0.6418443322181702,0.009415088221430779
69,0,0,0.6424497365951538,0.018884863704442978
70,0,0,0.6431581974029541,0.02707720547914505
71,0,0,0.6439908146858215,0.03533770516514778
72,0,0,0.6446550488471985,0.04405295103788376
73,0,0,0.6452109813690186,0.04975029081106186
74,0,0,0.6457716226577759,0.05676090717315674
75,0,0,0.6459926962852478,0.06506675481796265
76,0,0,0.646166205406189,0.06743268668651581
77,0,0,0.6464583277702332,0.06651175022125244
78,0,0,0.6466940641403198,0.06652586162090302
79,0,0,0.6467380523681641,0.06825663149356842
80,0,0,0.646285355091095,0.06902463734149933
81,0,0,0.6458727121353149,0.06646062433719635
82,0,0,0.6453423500061035,0.06376169621944427
83,0,0,0.6446282863616943,0.061033863574266434
84,0,0,0.6441580057144165,0.058411139994859695
85,0,0,0.6438531279563904,0.054441820830106735
86,0,0,0.6433629393577576,0.05095584690570831
87,0,0,0.6429606676101685,0.047340694814920425
88,0,0,0.642601490020752,0.04447486624121666
89,0,0,0.6424814462661743,0.043142035603523254
90,0,0,0.642166256904602,0.040726035833358765
91,0,0,0.6420718431472778,0.037646304816007614
92,0,0,0.6422662734985352,0.03536021709442139
93,0,0,0.6426964998245239,0.02983255311846733
94,0,0,0.643457293510437,0.025137804448604584
95,0,0,0.6447035670280457,0.020704125985503197
96,0,0,0.646251380443573,0.015113584697246552
97,0,0,0.6483909487724304,0.01194456871598959
98,0,0,0.650516152381897,0.006597401108592749
99,0,0,0.6524825692176819,0.0038418741896748543
100,0,0,0.6544978618621826,0.00013423943892121315
101,0,0,0.6560599207878113,-0.0024070602376013994
102,0,0,0.6573712825775146,-0.006960861850529909
103,0,0,0.6583364009857178,-0.008469206281006336
104,0,0,0.6591423749923706,-0.011813035234808922
105,0,0,0.6600036025047302,-0.015136641450226307
106,0,0,0.6605689525604248,-0.019409604370594025
107,0,0,0.6610167622566223,-0.020144972950220108
108,0,0,0.6613340377807617,-0.021133461967110634
109,0,0,0.6613171696662903,-0.02262789011001587
110,0,0,0.6613813638687134,-0.026068268343806267
111,0,0,0.6616386771202087,-0.031300827860832214
112,0,0,0.6615039110183716,-0.03644004091620445
113,0,0,0.6615211367607117,-0.04022243618965149
114,0,0,0.6618672609329224,-0.042965345084667206
115,0,0,0.6621896028518677,-0.04470779374241829
116,0,0,0.6626108884811401,-0.047322507947683334
117,0,0,0.6624743938446045,-0.04884810745716095
118,0,0,0.6617569923400879,-0.05208193138241768
119,0,0,0.6613067388534546,-0.05377040430903435
120,0,0,0.6613926291465759,-0.05690484866499901
121,0,0,0.6612749099731445,-0.057946063578128815
122,0,0,0.6608935594558716,-0.05725327134132385
123,0,0,0.6605633497238159,-0.05993597209453583
124,0,0,0.6600472331047058,-0.05920708179473877
125,0,0,0.6594560742378235,-0.057803310453891754
126,0,0,0.6591746807098389,-0.05761853978037834
127,0,0,0.6588584184646606,-0.05784521624445915
128,0,0,0.658556342124939,-0.058376967906951904
129,0,0,0.6578317880630493,-0.0608636699616909
130,0,0,0.6572626233100891,-0.06304643303155899
131,0,0,0.6569559574127197,-0.06280190497636795
132,0,0,0.6566727161407471,-0.06332698464393616
133,0,0,0.656517505645752,-0.06402766704559326
134,0,0,0.6565472483634949,-0.06575243175029755
135,0,0,0.6565042734146118,-0.06517255306243896
136,0,0,0.6566571593284607,-0.06328505277633667
137,0,0,0.6563191413879395,-0.05941424518823624
138,0,0,0.6562190055847168,-0.05935034900903702
139,0,0,0.6560137867927551,-0.05794330686330795
140,0,0,0.6557084918022156,-0.05957798659801483
141,0,0,0.6557906270027161,-0.059334754943847656
142,0,0,0.6560973525047302,-0.058466486632823944
143,0,0,0.6564992666244507,-0.05521225929260254
144,0,0,0.6569485068321228,-0.051535751670598984
145,0,0,0.6573081612586975,-0.05235476791858673
146,0,0,0.657635509967804,-0.051727451384067535
147,0,0,0.6577538251876831,-0.04955189302563667
148,0,0,0.657993495464325,-0.049598854035139084
149,0,0,0.658347487449646,-0.04981968551874161
150,0,0,0.6587838530540466,-0.04727873578667641
151,0,0,0.6593120098114014,-0.047754932194948196
152,0,0,0.6598641276359558,-0.04415049031376839
153,0,0,0.6602563261985779,-0.044258084148168564
154,0,0,0.6603963375091553,-0.04415211081504822
155,0,0,0.6604128479957581,-0.04325174167752266
156,0,0,0.6601097583770752,-0.04122154042124748
157,0,0,0.659817099571228,-0.04077935591340065
158,0,0,0.6594030261039734,-0.037192452698946
159,0,0,0.6589766144752502,-0.03781060874462128
160,0,0,0.6588782072067261,-0.03680076077580452
161,0,0,0.6590909957885742,-0.03746282681822777
162,0,0,0.6592804789543152,-0.03729083389043808
163,0,0,0.6595079302787781,-0.03848544508218765
164,0,0,0.6596047282218933,-0.038738708943128586
165,0,0,0.6594858765602112,-0.03702579066157341
166,0,0,0.6588535904884338,-0.03755195438861847
167,0,0,0.6585263013839722,-0.038359127938747406
168,0,0,0.658233642578125,-0.04133600741624832
169,0,0,0.6579105854034424,-0.043551456183195114
170,0,0,0.6577874422073364,-0.044390276074409485
171,0,0,0.6576087474822998,-0.04603692889213562
172,0,0,0.6576555967330933,-0.047583553940057755
173,0,0,0.6576374769210815,-0.04903453215956688
174,0,0,0.6576294898986816,-0.04980272799730301
175,0,0,0.6574633121490479,-0.05119305104017258
176,0,0,0.6573683619499207,-0.05120498314499855
177,0,0,0.6572595834732056,-0.052519578486680984
178,0,0,0.6569874286651611,-0.05541904270648956
179,0,0,0.6569877862930298,-0.05524436756968498
180,0,0,0.6572983264923096,-0.05480070412158966
181,0,0,0.6576715707778931,-0.05585161969065666
182,0,0,0.6582375764846802,-0.05779040977358818
183,0,0,0.6587371826171875,-0.05799008905887604
184,0,0,0.6589566469192505,-0.05699780210852623
185,0,0,0.6589799523353577,-0.057103220373392105
186,0,0,0.6589912176132202,-0.06008152663707733
187,0,0,0.658912181854248,-0.06094703450798988
188,0,0,0.6590484380722046,-0.06005250662565231
189,0,0,0.659238874912262,-0.06028757244348526
190,0,0,0.65945965051651,-0.061344414949417114
191,0,0,0.6594828367233276,-0.06295491009950638
192,0,0,0.6593749523162842,-0.061391934752464294
193,0,0,0.6591473817825317,-0.06292762607336044
194,0,0,0.6590103507041931,-0.06361841410398483
195,0,0,0.6585949659347534,-0.0615488663315773
196,0,0,0.6585226058959961,-0.06210056319832802
197,0,0,0.658378005027771,-0.059457700699567795
198,0,0,0.6582641005516052,-0.059731364250183105
199,0,0,0.6582035422325134,-0.05622997507452965
200,0,0,0.6585438251495361,-0.05432119965553284
201,0,0,0.6587589979171753,-0.05250689014792442
202,0,0,0.6590408682823181,-0.05221526324748993
203,0,0,0.6592666506767273,-0.05142979323863983
204,0,0,0.6592093110084534,-0.05088410899043083
205,0,0,0.6594555974006653,-0.04947790130972862
206,0,0,0.6593828797340393,-0.04993574693799019
207,0,0,0.6593009233474731,-0.050156839191913605
208,0,0,0.6593977808952332,-0.05065799131989479
209,0,0,0.6594587564468384,-0.052150655537843704
210,0,0,0.6593636274337769,-0.05379617214202881
211,0,0,0.6593911647796631,-0.05515240132808685
212,0,0,0.6594592332839966,-0.05655049905180931
213,0,0,0.6592098474502563,-0.05791901797056198
214,0,0,0.6592653393745422,-0.05679873377084732
215,0,0,0.6592639088630676,-0.05618945509195328
216,0,0,0.6592721939086914,-0.056451499462127686
217,0,0,0.6587599515914917,-0.05598225072026253
218,0,0,0.6577961444854736,-0.056772034615278244
219,0,0,0.6573774218559265,-0.05608389526605606
220,0,0,0.6571630239486694,-0.054750192910432816
221,0,0,0.657285749912262,-0.055219314992427826
222,0,0,0.6572692394256592,-0.05674181133508682
223,0,0,0.657453179359436,-0.05830701068043709
224,0,0,0.6575727462768555,-0.05750102549791336
225,0,0,0.6577953696250916,-0.05678549408912659
226,0,0,0.6577591896057129,-0.05528394132852554
227,0,0,0.6575582027435303,-0.053565625101327896
228,0,0,0.6575324535369873,-0.052796244621276855
229,0,0,0.6576789021492004,-0.051121246069669724
230,0,0,0.6579327583312988,-0.050062570720911026
231,0,0,0.6581314206123352,-0.04915786162018776
232,0,0,0.6581010222434998,-0.04934506490826607
233,0,0,0.6582996249198914,-0.05005767196416855
234,0,0,0.6585702896118164,-0.04934411495923996
235,0,0,0.6587778925895691,-0.04939594492316246
236,0,0,0.6591431498527527,-0.046837277710437775
237,0,0,0.659233033657074,-0.04504215717315674
238,0,0,0.6591172814369202,-0.04538310319185257
239,0,0,0.6592065095901489,-0.04289095476269722
240,0,0,0.6594035625457764,-0.045523978769779205
241,0,0,0.6595398187637329,-0.04488293081521988
242,0,0,0.65960693359375,-0.04718949645757675
243,0,0,0.6594101190567017,-0.04730861261487007
244,0,0,0.6592096090316772,-0.048527512699365616
245,0,0,0.6591029167175293,-0.050873007625341415
246,0,0,0.6589608788490295,-0.049358125776052475
247,0,0,0.6590567827224731,-0.04538322985172272
248,0,0,0.6591746211051941,-0.04431452229619026
249,0,0,0.6590602397918701,-0.045486025512218475
250,0,0,0.6587634682655334,-0.04416307061910629
251,0,0,0.6583993434906006,-0.04480478912591934
252,0,0,0.6582564115524292,-0.044471435248851776
253,0,0,0.658333957195282,-0.0435062050819397
254,0,0,0.6585894227027893,-0.04258322715759277
255,0,0,0.6585397720336914,-0.043622422963380814
256,0,0,0.6586039662361145,-0.04479924961924553
257,0,0,0.6588929295539856,-0.04518149048089981
258,0,0,0.6592669486999512,-0.047551751136779785
259,0,0,0.6593294143676758,-0.04887803643941879
260,0,0,0.6597994565963745,-0.05154808983206749
261,0,0,0.6606341600418091,-0.05368766561150551
262,0,0,0.6613216996192932,-0.05520454794168472
263,0,0,0.6616941690444946,-0.0556611493229866
264,0,0,0.6615995764732361,-0.058254554867744446
265,0,0,0.6617181301116943,-0.05846576392650604
266,0,0,0.6614751219749451,-0.05941310152411461
267,0,0,0.6613829135894775,-0.057971157133579254
268,0,0,0.6613588929176331,-0.059645555913448334
269,0,0,0.6613441705703735,-0.06098052114248276
270,0,0,0.6612201929092407,-0.05987619236111641
271,0,0,0.6613872051239014,-0.05949557572603226
272,0,0,0.661492645740509,-0.060912080109119415
273,0,0,0.661434531211853,-0.06097792088985443
274,0,0,0.6615211367607117,-0.05995909869670868
275,0,0,0.6614612936973572,-0.05778350681066513
276,0,0,0.6615498065948486,-0.05680850148200989
277,0,0,0.6619663238525391,-0.05743836611509323
278,0,0,0.6622522473335266,-0.05943726748228073
279,0,0,0.6620672941207886,-0.05914825201034546
280,0,0,0.6616338491439819,-0.05862659215927124
281,0,0,0.6610580682754517,-0.05621844157576561
282,0,0,0.6606531143188477,-0.055444080382585526
283,0,0,0.6604419946670532,-0.053647711873054504
284,0,0,0.6600621938705444,-0.05127517879009247
285,0,0,0.6597395539283752,-0.04873150214552879
286,0,0,0.6596526503562927,-0.048523467034101486
287,0,0,0.6594692468643188,-0.045880772173404694
288,0,0,0.6594558358192444,-0.04720884561538696
289,0,0,0.6590408086776733,-0.04742027819156647
290,0,0,0.6587103605270386,-0.047673262655735016
291,0,0,0.6587413549423218,-0.04575708508491516
292,0,0,0.6585907936096191,-0.046277035027742386
293,0,0,0.6582522392272949,-0.04692113399505615
294,0,0,0.658124566078186,-0.046255819499492645
295,0,0,0.6580235958099365,-0.04611280560493469
296,0,0,0.6578682065010071,-0.04855005443096161
297,0,0,0.6582237482070923,-0.048613958060741425
298,0,0,0.6586594581604004,-0.04970195144414902
299,0,0,0.658769965171814,-0.05071422830224037
300,0,0,0.6584224700927734,-0.05306467413902283
301,0,0,0.6584305763244629,-0.0553857758641243
302,0,0,0.6587782502174377,-0.055171526968479156
303,0,0,0.6589043140411377,-0.05697367340326309
304,0,0,0.6591532230377197,-0.05713570863008499
305,0,0,0.6593639850616455,-0.05685378238558769
306,0,0,0.6593230962753296,-0.05836768448352814
307,0,0,0.6598069071769714,-0.059756748378276825
308,0,0,0.6601736545562744,-0.06138210743665695
309,0,0,0.6603648066520691,-0.061860159039497375
310,0,0,0.6605393290519714,-0.0630471333861351
311,0,0,0.6608160734176636,-0.06254906207323074
312,0,0,0.6608633399009705,-0.06409937143325806
313,0,0,0.6608964204788208,-0.0667317733168602
314,0,0,0.6608352661132812,-0.06849068403244019
315,0,0,0.6605291366577148,-0.06814546883106232
316,0,0,0.6602475643157959,-0.06812269240617752
317,0,0,0.6596637964248657,-0.0644000768661499
318,0,0,0.6595281362533569,-0.06261802464723587
319,0,0,0.6597582101821899,-0.06177235022187233
320,0,0,0.6602660417556763,-0.05997177213430405
321,0,0,0.6606171727180481,-0.0604996383190155
322,0,0,0.6607612371444702,-0.060489408671855927
323,0,0,0.6611838340759277,-0.06078504025936127
324,0,0,0.6614265441894531,-0.05953937768936157
325,0,0,0.6614711284637451,-0.06128011643886566
326,0,0,0.6616851687431335,-0.06271157413721085
327,0,0,0.6615734100341797,-0.059747666120529175
328,0,0,0.6613420844078064,-0.05780421942472458
329,0,0,0.6613436937332153,-0.05609869956970215
330,0,0,0.6613097190856934,-0.05711615830659866
331,0,0,0.6610994338989258,-0.05542254075407982
332,0,0,0.661069929599762,-0.05734928324818611
333,0,0,0.6606010794639587,-0.056387223303318024
334,0,0,0.6601766347885132,-0.057858578860759735
335,0,0,0.6597768068313599,-0.055978093296289444
336,0,0,0.6596708297729492,-0.05349668115377426
337,0,0,0.6596809029579163,-0.04954534024000168
338,0,0,0.6597281694412231,-0.04645427316427231
339,0,0,0.6600517630577087,-0.04722310230135918
340,0,0,0.6602163910865784,-0.04897007346153259
341,0,0,0.6603227853775024,-0.04797203466296196
342,0,0,0.6601937413215637,-0.04767988622188568
343,0,0,0.660012423992157,-0.047566283494234085
344,0,0,0.6600400805473328,-0.044227056205272675
345,0,0,0.6602323055267334,-0.04363030940294266
346,0,0,0.6603898406028748,-0.04498516023159027
347,0,0,0.6606584787368774,-0.0463254451751709
348,0,0,0.6607162952423096,-0.04885111004114151
349,0,0,0.6608877182006836,-0.049150556325912476
350,0,0,0.6609635949134827,-0.048817962408065796
351,0,0,0.6608619093894958,-0.04478277638554573
352,0,0,0.660895586013794,-0.045207519084215164
353,0,0,0.6605830192565918,-0.04588901996612549
354,0,0,0.6599261164665222,-0.045992087572813034
355,0,0,0.6589483022689819,-0.0483194924890995
356,0,0,0.65770423412323,-0.04967009276151657
357,0,0,0.6562708020210266,-0.05093880742788315
358,0,0,0.6551051139831543,-0.05310646444559097
359,0,0,0.653719961643219,-0.05464351549744606
360,0,0,0.6522892117500305,-0.056246206164360046
361,0,0,0.6505253911018372,-0.05619106441736221
362,0,0,0.6485673189163208,-0.05814487114548683
363,0,0,0.6466852426528931,-0.0602920725941658
364,0,0,0.6448832750320435,-0.06451449543237686
365,0,0,0.6430565118789673,-0.06702868640422821
366,0,0,0.6410372853279114,-0.07049621641635895
367,0,0,0.6387355327606201,-0.07362142950296402
368,0,0,0.6365361213684082,-0.07547646015882492
369,0,0,0.6343903541564941,-0.07581955194473267
370,0,0,0.6324144601821899,-0.07505082339048386
371,0,0,0.63081294298172,-0.07538633048534393
372,0,0,0.6294472813606262,-0.07708990573883057
373,0,0,0.6282336711883545,-0.08079855144023895
374,0,0,0.6265894174575806,-0.07853920757770538
375,0,0,0.6248337030410767,-0.08021139353513718
376,0,0,0.623420000076294,-0.08117703348398209
377,0,0,0.6221886873245239,-0.08165929466485977
378,0,0,0.6211073994636536,-0.08111201971769333
379,0,0,0.6201538443565369,-0.07900268584489822
380,0,0,0.6193827986717224,-0.0788394957780838
381,0,0,0.6187649965286255,-0.07718512415885925
382,0,0,0.6180468797683716,-0.07299206405878067
383,0,0,0.6170185208320618,-0.06979479640722275
384,0,0,0.6158163547515869,-0.06643441319465637
385,0,0,0.6145479083061218,-0.06290238350629807
386,0,0,0.6139059066772461,-0.05830106884241104
387,0,0,0.6132976412773132,-0.055308748036623
388,0,0,0.6126171946525574,-0.05146362632513046
389,0,0,0.611940324306488,-0.04770638048648834
390,0,0,0.611393928527832,-0.04578747600317001
391,0,0,0.6108450293540955,-0.04282952472567558
392,0,0,0.6102162599563599,-0.042516276240348816
393,0,0,0.60969078540802,-0.039674170315265656
394,0,0,0.6090765595436096,-0.0401570163667202
395,0,0,0.6084763407707214,-0.04059140384197235
396,0,0,0.6076151728630066,-0.040202464908361435
397,0,0,0.6066933870315552,-0.03997359424829483
398,0,0,0.6055591702461243,-0.04011724144220352
399,0,0,0.6045967936515808,-0.03884674236178398
400,0,0,0.603835940361023,-0.038523100316524506
401,0,0,0.6029377579689026,-0.03687258064746857
402,0,0,0.6019313335418701,-0.03726424276828766
403,0,0,0.6013419032096863,-0.037048451602458954
404,0,0,0.6012197136878967,-0.03209386020898819
405,0,0,0.6015496253967285,-0.029545502737164497
406,0,0,0.602049708366394,-0.02844349481165409
407,0,0,0.6026142239570618,-0.02590710110962391
408,0,0,0.6032484769821167,-0.022653482854366302
409,0,0,0.6038909554481506,-0.016129538416862488
410,0,0,0.6044758558273315,-0.012856820598244667
411,0,0,0.6052049398422241,-0.009609686210751534
412,0,0,0.6060771346092224,-0.008034275844693184
413,0,0,0.6071515083312988,-0.0032990402542054653
414,0,0,0.6083922386169434,-0.00145444564986974
415,0,0,0.6095181703567505,0.0006023201858624816
416,0,0,0.6103061437606812,0.0034780269488692284
417,0,0,0.6110069751739502,0.006715475115925074
418,0,0,0.6114206910133362,0.010884758085012436
419,0,0,0.6118670105934143,0.01350351795554161
420,0,0,0.6123498678207397,0.01571948453783989
421,0,0,0.6127411127090454,0.018069127574563026
422,0,0,0.6133321523666382,0.021487567573785782
423,0,0,0.614320695400238,0.024478118866682053
424,0,0,0.6153995990753174,0.027018874883651733
425,0,0,0.6162339448928833,0.026826586574316025
426,0,0,0.6168890595436096,0.022973790764808655
427,0,0,0.6178134083747864,0.02088494785130024
428,0,0,0.6188141107559204,0.018260370939970016
429,0,0,0.6195981502532959,0.015041002072393894
430,0,0,0.6204464435577393,0.013541467487812042
431,0,0,0.621472954750061,0.010896546766161919
432,0,0,0.6224321722984314,0.00989370234310627
433,0,0,0.6232828497886658,0.007373445201665163
434,0,0,0.6243364214897156,0.0072705550119280815
435,0,0,0.6251881718635559,0.006511532701551914
436,0,0,0.6258536577224731,0.004748053383082151
437,0,0,0.6265970468521118,0.002937047276645899
438,0,0,0.6271553635597229,0.0008384276297874749
439,0,0,0.627572774887085,-0.0011873104376718402
440,0,0,0.6278698444366455,-0.004230988211929798
441,0,0,0.6281976103782654,-0.007280045188963413
442,0,0,0.6282964944839478,-0.009146514348685741
443,0,0,0.6284144520759583,-0.013487430289387703
444,0,0,0.6285965442657471,-0.020085113123059273
445,0,0,0.6285642981529236,-0.027368810027837753
446,0,0,0.6285906434059143,-0.032016050070524216
447,0,0,0.6284826397895813,-0.03607078269124031
448,0,0,0.6280434727668762,-0.03747174143791199
449,0,0,0.6273888349533081,-0.041457366198301315
450,0,0,0.626423716545105,-0.042826008051633835
451,0,0,0.6255092024803162,-0.04702239856123924
452,0,0,0.6246124505996704,-0.051884107291698456
453,0,0,0.6237732172012329,-0.05431612953543663
454,0,0,0.6228329539299011,-0.05835931375622749
455,0,0,0.6218017339706421,-0.06379371136426926
456,0,0,0.6205968260765076,-0.06754100322723389
457,0,0,0.6191477179527283,-0.0707908347249031
458,0,0,0.6175776124000549,-0.07357443124055862
459,0,0,0.6162427067756653,-0.07611124217510223
460,0,0,0.6153127551078796,-0.07745115458965302
461,0,0,0.6144984364509583,-0.0737185999751091
462,0,0,0.6141577959060669,-0.070433109998703
463,0,0,0.6144365668296814,-0.06652204692363739
464,0,0,0.6150227785110474,-0.0611688531935215
465,0,0,0.6157534122467041,-0.05340610072016716
466,0,0,0.6165828108787537,-0.04774143919348717
467,0,0,0.6172555685043335,-0.04392378404736519
468,0,0,0.6181783676147461,-0.03808072954416275
469,0,0,0.6188201308250427,-0.03291961923241615
470,0,0,0.6191072463989258,-0.03178626671433449
471,0,0,0.6189751625061035,-0.02690955251455307
472,0,0,0.6184695959091187,-0.024400437250733376
473,0,0,0.6178939342498779,-0.02044021524488926
474,0,0,0.6172760725021362,-0.019144179299473763
475,0,0,0.6167047023773193,-0.01678190566599369
476,0,0,0.6160733699798584,-0.015595675446093082
477,0,0,0.6153174638748169,-0.015352630987763405
478,0,0,0.6145249605178833,-0.013107888400554657
479,0,0,0.6134692430496216,-0.01446456927806139
480,0,0,0.6120394468307495,-0.016066811978816986
481,0,0,0.6106089353561401,-0.015880921855568886
482,0,0,0.6093442440032959,-0.015545202419161797
483,0,0,0.608407199382782,-0.016116097569465637
484,0,0,0.6074429750442505,-0.015239961445331573
485,0,0,0.6064224243164062,-0.014611338265240192
486,0,0,0.6058405637741089,-0.013349104672670364
487,0,0,0.6058253645896912,-0.01151054073125124
488,0,0,0.6061155200004578,-0.011530475690960884
489,0,0,0.6064684391021729,-0.01256578229367733
490,0,0,0.6067546606063843,-0.011997278779745102
491,0,0,0.6071107983589172,-0.01399836502969265
492,0,0,0.6072564125061035,-0.014371405355632305
493,0,0,0.6071328520774841,-0.013600106351077557
494,0,0,0.606965184211731,-0.01464448869228363
495,0,0,0.6070809364318848,-0.017026538029313087
496,0,0,0.6072414517402649,-0.017482759431004524
497,0,0,0.6074963808059692,-0.018057603389024734
498,0,0,0.6080611348152161,-0.017463283613324165
499,0,0,0.6084718704223633,-0.01734953559935093
500,0,0,0.6087521910667419,-0.019780293107032776
501,0,0,0.6093425154685974,-0.01991710439324379
502,0,0,0.6103664636611938,-0.01868988573551178
503,0,0,0.6116376519203186,-0.020587779581546783
504,0,0,0.6131486892700195,-0.022457828745245934
505,0,0,0.6141771078109741,-0.02368946187198162
506,0,0,0.6146135926246643,-0.02886768989264965
507,0,0,0.6146689057350159,-0.029847536236047745
508,0,0,0.6143884658813477,-0.031794749200344086
509,0,0,0.6138147115707397,-0.03325258940458298
510,0,0,0.6130649447441101,-0.03385267034173012
511,0,0,0.6121097207069397,-0.0304130706936121
512,0,0,0.6112349629402161,-0.030303873121738434
513,0,0,0.610595703125,-0.02748866379261017
514,0,0,0.6102059483528137,-0.02672792226076126
515,0,0,0.6100068688392639,-0.024182768538594246
516,0,0,0.6101347208023071,-0.022406911477446556
517,0,0,0.6102398633956909,-0.02002093754708767
518,0,0,0.610438346862793,-0.021185971796512604
519,0,0,0.610646665096283,-0.019690614193677902
520,0,0,0.6105340719223022,-0.02022527903318405
521,0,0,0.610324501991272,-0.01883477345108986
522,0,0,0.6100528240203857,-0.019365869462490082
523,0,0,0.6097463369369507,-0.022020447999238968
524,0,0,0.6093664169311523,-0.02411060966551304
525,0,0,0.608905553817749,-0.02512272074818611
526,0,0,0.60868239402771,-0.026673080399632454
527,0,0,0.6083998084068298,-0.031402893364429474
528,0,0,0.6079670190811157,-0.03487196937203407
529,0,0,0.6074648499488831,-0.039204470813274384
530,0,0,0.6069189310073853,-0.04515187814831734
531,0,0,0.6065570116043091,-0.04810890182852745
532,0,0,0.6064245104789734,-0.04980078339576721
533,0,0,0.6065238118171692,-0.050966911017894745
534,0,0,0.6067042350769043,-0.05061192065477371
535,0,0,0.6068398356437683,-0.051191478967666626
536,0,0,0.6068306565284729,-0.05087650939822197
537,0,0,0.6066181063652039,-0.046589143574237823
538,0,0,0.6063509583473206,-0.04321323707699776
539,0,0,0.6060668230056763,-0.04214203730225563
540,0,0,0.605846107006073,-0.042569879442453384
541,0,0,0.6057948470115662,-0.04335324838757515
542,0,0,0.6064361333847046,-0.04549376294016838
543,0,0,0.6072901487350464,-0.04491131007671356
544,0,0,0.6079035401344299,-0.04376623034477234
545,0,0,0.608150839805603,-0.04437290504574776
546,0,0,0.6079578995704651,-0.04347666725516319
547,0,0,0.6077148914337158,-0.04078894481062889
548,0,0,0.6071665287017822,-0.03845763951539993
549,0,0,0.6067867279052734,-0.03561003506183624
550,0,0,0.6066544055938721,-0.0304917860776186
551,0,0,0.6065472960472107,-0.025064654648303986
552,0,0,0.6062946319580078,-0.024349510669708252
553,0,0,0.6061269640922546,-0.02542775124311447
554,0,0,0.6059486865997314,-0.023414216935634613
555,0,0,0.6058750152587891,-0.024071495980024338
556,0,0,0.6059826016426086,-0.024481847882270813
557,0,0,0.6062577366828918,-0.022298429161310196
558,0,0,0.6067313551902771,-0.02051856368780136
559,0,0,0.6073083281517029,-0.018947571516036987
560,0,0,0.6077424883842468,-0.015290713869035244
561,0,0,0.607984185218811,-0.011521672829985619
562,0,0,0.6081067323684692,-0.0046614836901426315
563,0,0,0.6083475947380066,-0.0011526093585416675
564,0,0,0.6086633801460266,0.0031520577613264322
565,0,0,0.6089754104614258,0.007718879263848066
566,0,0,0.6091200709342957,0.014202822931110859
567,0,0,0.6092148423194885,0.020767338573932648
568,0,0,0.6095125675201416,0.027247127145528793
569,0,0,0.610045850276947,0.031622257083654404
570,0,0,0.610612154006958,0.041002221405506134
571,0,0,0.6109566688537598,0.0470481812953949
572,0,0,0.6110721230506897,0.05579395592212677
573,0,0,0.6112818121910095,0.06234358996152878
574,0,0,0.611453652381897,0.06861034035682678
575,0,0,0.6116359233856201,0.07632897794246674
576,0,0,0.6120504140853882,0.0836694985628128
577,0,0,0.6122528910636902,0.08812278509140015
578,0,0,0.6122482419013977,0.09059566259384155
579,0,0,0.6121305227279663,0.092231884598732
580,0,0,0.6122629046440125,0.09113403409719467
581,0,0,0.6126235127449036,0.09216303378343582
582,0,0,0.6131886839866638,0.0944315567612648
583,0,0,0.6141582727432251,0.09619642794132233
584,0,0,0.6152361631393433,0.09442748874425888
585,0,0,0.6160100698471069,0.09349776059389114
586,0,0,0.6163609623908997,0.09215407073497772
587,0,0,0.6163550019264221,0.09461702406406403
588,0,0,0.6160739660263062,0.09713377058506012
589,0,0,0.615628719329834,0.09993202239274979
590,0,0,0.6153476238250732,0.10267789661884308
591,0,0,0.6151942610740662,0.10373808443546295
592,0,0,0.6152243614196777,0.10351087152957916
593,0,0,0.6153371930122375,0.10285632312297821
594,0,0,0.6154965162277222,0.10037580877542496
595,0,0,0.6158189177513123,0.10050925612449646
596,0,0,0.6161178350448608,0.09890445321798325
597,0,0,0.6161598563194275,0.0977717861533165
598,0,0,0.6159230470657349,0.09801013022661209
599,0,0,0.6156216263771057,0.09577387571334839
600,0,0,0.6153920292854309,0.09261692315340042
601,0,0,0.6150271892547607,0.08771385252475739
602,0,0,0.6147470474243164,0.08435894548892975
603,0,0,0.6146032214164734,0.07950369268655777
604,0,0,0.6146652102470398,0.07169076055288315
605,0,0,0.6148059964179993,0.06405918300151825
606,0,0,0.6148882508277893,0.05797962844371796
607,0,0,0.6150187253952026,0.050059057772159576
608,0,0,0.6151204705238342,0.041531771421432495
609,0,0,0.6153311729431152,0.03573352470993996
610,0,0,0.6153997778892517,0.029292315244674683
611,0,0,0.6154270172119141,0.026952780783176422
612,0,0,0.6155084371566772,0.01930079236626625
613,0,0,0.6155171990394592,0.013947602361440659
614,0,0,0.6153321266174316,0.007119413930922747
615,0,0,0.6148236393928528,0.0022731702774763107
616,0,0,0.6140655875205994,-0.0012145491782575846
617,0,0,0.6132745742797852,-0.0070296055637300014
618,0,0,0.6126120090484619,-0.012032374739646912
619,0,0,0.6117028594017029,-0.016329310834407806
620,0,0,0.6107473969459534,-0.018734555691480637
621,0,0,0.6096724271774292,-0.022992126643657684
622,0,0,0.6085874438285828,-0.026265619322657585
623,0,0,0.6074553728103638,-0.030102411285042763
624,0,0,0.6063903570175171,-0.034078195691108704
625,0,0,0.6055009961128235,-0.03732864186167717
626,0,0,0.6049870252609253,-0.03937344253063202
627,0,0,0.6045267581939697,-0.040766920894384384
628,0,0,0.6043729782104492,-0.04328630864620209
629,0,0,0.6048479676246643,-0.04258747026324272
630,0,0,0.6056138277053833,-0.04229369014501572
631,0,0,0.606441080570221,-0.042420804500579834
632,0,0,0.60715651512146,-0.0418088473379612
633,0,0,0.6075071096420288,-0.042674943804740906
634,0,0,0.6075543761253357,-0.04380401223897934
635,0,0,0.607577919960022,-0.04364071413874626
636,0,0,0.6075916290283203,-0.04534278064966202
637,0,0,0.6075348258018494,-0.047995202243328094
638,0,0,0.6073527932167053,-0.048882558941841125
639,0,0,0.6072452664375305,-0.05188167840242386
640,0,0,0.6075108051300049,-0.05479779839515686
641,0,0,0.6080420017242432,-0.05408491939306259
642,0,0,0.6086831092834473,-0.05438389629125595
643,0,0,0.6093860864639282,-0.054105691611766815
644,0,0,0.6100463271141052,-0.05279073119163513
645,0,0,0.6108173131942749,-0.053025055676698685
646,0,0,0.6115983724594116,-0.051247578114271164
647,0,0,0.612421452999115,-0.04673878103494644
648,0,0,0.6129502058029175,-0.046540163457393646
649,0,0,0.6133515238761902,-0.04753350466489792
650,0,0,0.6133316159248352,-0.04332417994737625
651,0,0,0.613059937953949,-0.04061228781938553
652,0,0,0.6127655506134033,-0.03772749379277229
653,0,0,0.6126541495323181,-0.03727897256612778
654,0,0,0.6128409504890442,-0.038436997681856155
655,0,0,0.6130631566047668,-0.04283108934760094
656,0,0,0.612857460975647,-0.04737016558647156
657,0,0,0.6126156449317932,-0.04985435679554939
658,0,0,0.6121607422828674,-0.05131319910287857
659,0,0,0.6115925312042236,-0.049758199602365494
660,0,0,0.6110272407531738,-0.050919800996780396
661,0,0,0.6108963489532471,-0.05014147609472275
662,0,0,0.6109995245933533,-0.04854816198348999
663,0,0,0.6112120747566223,-0.04634260758757591
664,0,0,0.6115944981575012,-0.043887585401535034
665,0,0,0.6122205257415771,-0.03895780071616173
666,0,0,0.613060712814331,-0.03440825641155243
667,0,0,0.6135417819023132,-0.03014804609119892
668,0,0,0.6136064529418945,-0.02204287238419056
669,0,0,0.6132790446281433,-0.01835474744439125
670,0,0,0.613129198551178,-0.015653174370527267
671,0,0,0.6127820014953613,-0.0128969457000494
672,0,0,0.612496554851532,-0.011831272393465042
673,0,0,0.6118581891059875,-0.010898721404373646
674,0,0,0.6107860803604126,-0.008869851939380169
675,0,0,0.6094883680343628,-0.009760448709130287
676,0,0,0.6084847450256348,-0.010099835693836212
677,0,0,0.6077101826667786,-0.007539774756878614
678,0,0,0.6068955659866333,-0.006284128408879042
679,0,0,0.6060118675231934,-0.004318182356655598
680,0,0,0.6052271723747253,-0.0033892239443957806
681,0,0,0.6048677563667297,-0.004478918854147196
682,0,0,0.60480135679245,-0.005154784303158522
683,0,0,0.6048778295516968,-0.00674221757799387
684,0,0,0.6051114797592163,-0.0073212203569710255
685,0,0,0.6052935123443604,-0.006076136603951454
686,0,0,0.6052678227424622,-0.010271921753883362
687,0,0,0.6051953434944153,-0.013520598411560059
688,0,0,0.6051034331321716,-0.016877224668860435
689,0,0,0.6048328280448914,-0.018188802525401115
690,0,0,0.6047152280807495,-0.022515231743454933
691,0,0,0.6043186187744141,-0.024847188964486122
692,0,0,0.6036915183067322,-0.026522818952798843
693,0,0,0.6031741499900818,-0.025660643354058266
694,0,0,0.6029345989227295,-0.029682252556085587
695,0,0,0.6027556657791138,-0.03251463174819946
696,0,0,0.6025874614715576,-0.034216057509183884
697,0,0,0.6023420095443726,-0.034549981355667114
698,0,0,0.6019686460494995,-0.03361694887280464
699,0,0,0.6013054847717285,-0.03326468542218208
700,0,0,0.6003749370574951,-0.03170883283019066
701,0,0,0.5995838046073914,-0.03417070955038071
702,0,0,0.5989193916320801,-0.03907892107963562
703,0,0,0.5986577868461609,-0.0423429012298584
704,0,0,0.5987553596496582,-0.044144440442323685
705,0,0,0.5991223454475403,-0.045800767838954926
706,0,0,0.5995577573776245,-0.0467214360833168
707,0,0,0.599991500377655,-0.04746326804161072
708,0,0,0.6003175377845764,-0.04846521466970444
709,0,0,0.600459098815918,-0.04935503378510475
710,0,0,0.6006546020507812,-0.04924290254712105
711,0,0,0.6010185480117798,-0.04852611571550369
712,0,0,0.601509153842926,-0.0476994514465332
713,0,0,0.6019690036773682,-0.048987921327352524
714,0,0,0.6024345755577087,-0.04842783883213997
715,0,0,0.6027337312698364,-0.04914580285549164
716,0,0,0.6028468608856201,-0.04934670776128769
717,0,0,0.6027867794036865,-0.048131875693798065
718,0,0,0.6026347279548645,-0.0463964119553566
719,0,0,0.6023101210594177,-0.04584068804979324
720,0,0,0.6021488904953003,-0.045583873987197876
721,0,0,0.6022064089775085,-0.04540066793560982
722,0,0,0.6028061509132385,-0.044300638139247894
723,0,0,0.6039900779724121,-0.04485118016600609
724,0,0,0.6057118773460388,-0.04333920404314995
725,0,0,0.6075870990753174,-0.03949275240302086
726,0,0,0.6096247434616089,-0.034146249294281006
727,0,0,0.6119428277015686,-0.03189368546009064
728,0,0,0.614658772945404,-0.024522345513105392
729,0,0,0.6171263456344604,-0.018245931714773178
730,0,0,0.6194427609443665,-0.01284461747854948
731,0,0,0.6213788390159607,-0.005870690569281578
732,0,0,0.6228614449501038,-0.0012368980096653104
733,0,0,0.6243591904640198,0.005078131332993507
734,0,0,0.6262484788894653,0.011190817691385746
735,0,0,0.6285748481750488,0.012273333966732025
736,0,0,0.6311013698577881,0.011097675189375877
737,0,0,0.6332518458366394,0.00930265337228775
738,0,0,0.6351603865623474,0.005543340928852558
739,0,0,0.6365089416503906,-0.001407464500516653
740,0,0,0.6374703049659729,-0.005916018504649401
741,0,0,0.63858962059021,-0.012618565931916237
742,0,0,0.6396544575691223,-0.016756387427449226
743,0,0,0.6405831575393677,-0.020903900265693665
744,0,0,0.6411606073379517,-0.024666961282491684
745,0,0,0.6418046951293945,-0.032024089246988297
746,0,0,0.6419474482536316,-0.037373416125774384
747,0,0,0.6415795087814331,-0.045529015362262726
748,0,0,0.6409445405006409,-0.05210112780332565
749,0,0,0.6400142312049866,-0.05877844989299774
750,0,0,0.6388466358184814,-0.06451143324375153
751,0,0,0.637356698513031,-0.06737381964921951
752,0,0,0.6357455253601074,-0.06970275193452835
753,0,0,0.6341648101806641,-0.07033710926771164
754,0,0,0.632575273513794,-0.06691557914018631
755,0,0,0.6308530569076538,-0.06609641015529633
756,0,0,0.6288958787918091,-0.06636179238557816
757,0,0,0.626846432685852,-0.06244105100631714
758,0,0,0.6249810457229614,-0.05995246767997742
759,0,0,0.6231746077537537,-0.05882898345589638
760,0,0,0.621273934841156,-0.05721251294016838
761,0,0,0.6195393800735474,-0.059031810611486435
762,0,0,0.618218183517456,-0.06006229668855667
763,0,0,0.6173056364059448,-0.05925646796822548
764,0,0,0.6165680885314941,-0.061324119567871094
765,0,0,0.6156871318817139,-0.06074137985706329
766,0,0,0.6148459315299988,-0.06075328215956688
767,0,0,0.6137475967407227,-0.059552911669015884
768,0,0,0.6126455664634705,-0.059398531913757324
769,0,0,0.6116117835044861,-0.05715085193514824
770,0,0,0.6108058094978333,-0.05424518883228302
771,0,0,0.6105821132659912,-0.053373225033283234
772,0,0,0.6113204956054688,-0.050431907176971436
773,0,0,0.6127545237541199,-0.04971364513039589
774,0,0,0.6143961548805237,-0.04962780326604843
775,0,0,0.615559458732605,-0.046702127903699875
776,0,0,0.6164864301681519,-0.04307412728667259
777,0,0,0.6172040700912476,-0.04125683009624481
778,0,0,0.6178905963897705,-0.04004191979765892
779,0,0,0.6184601783752441,-0.04066622257232666
780,0,0,0.6187853217124939,-0.03778964281082153
781,0,0,0.6190053224563599,-0.035973794758319855
782,0,0,0.6188320517539978,-0.03452736884355545
783,0,0,0.6182611584663391,-0.03354616463184357
784,0,0,0.6176817417144775,-0.03178837150335312
785,0,0,0.617171585559845,-0.02842174842953682
786,0,0,0.616635799407959,-0.02696581929922104
787,0,0,0.6162295937538147,-0.023950869217514992
788,0,0,0.6159700751304626,-0.02023104764521122
789,0,0,0.6155967712402344,-0.01496618241071701
790,0,0,0.6152881383895874,-0.013255828991532326
791,0,0,0.614992082118988,-0.009025564417243004
792,0,0,0.6146804094314575,-0.010470183566212654
793,0,0,0.6143735647201538,-0.008476871997117996
794,0,0,0.6139747500419617,-0.005153902340680361
795,0,0,0.6131658554077148,-0.005442414432764053
796,0,0,0.6120368242263794,-0.0046755410730838776
797,0,0,0.6109921932220459,-0.0038074436597526073
798,0,0,0.6098538637161255,-0.0027394185308367014
799,0,0,0.6087996363639832,-0.003888557432219386
800,0,0,0.6078155636787415,-0.0046696444042027
801,0,0,0.6067231893539429,-2.0999519620090723e-05
802,0,0,0.6057243347167969,0.0046405671164393425
803,0,0,0.6048654913902283,0.009433378465473652
804,0,0,0.6040809750556946,0.01388118788599968
805,0,0,0.6031661033630371,0.016797611489892006
806,0,0,0.6023861765861511,0.01980339176952839
807,0,0,0.6015586256980896,0.020082252100110054
808,0,0,0.6007535457611084,0.01896011270582676
809,0,0,0.5997342467308044,0.01618443801999092
810,0,0,0.5984846949577332,0.015982432290911674
811,0,0,0.5973603129386902,0.01326189748942852
812,0,0,0.5963849425315857,0.014390668831765652
813,0,0,0.5953030586242676,0.01408360991626978
814,0,0,0.5943007469177246,0.01286223717033863
815,0,0,0.5938379168510437,0.012953497469425201
816,0,0,0.5934491157531738,0.013013023883104324
817,0,0,0.5932552218437195,0.01215454377233982
818,0,0,0.5936651229858398,0.015605232678353786
819,0,0,0.5945050716400146,0.01663821004331112
820,0,0,0.5954043865203857,0.017554359510540962
821,0,0,0.5961329936981201,0.020775508135557175
822,0,0,0.5967304706573486,0.027099890634417534
823,0,0,0.5974239110946655,0.03017975576221943
824,0,0,0.5982249975204468,0.03269960358738899
825,0,0,0.5990105867385864,0.03532440960407257
826,0,0,0.5995413661003113,0.03673703223466873
827,0,0,0.599921703338623,0.03550169616937637
828,0,0,0.6001905202865601,0.03341442346572876
829,0,0,0.6005357503890991,0.029873088002204895
830,0,0,0.6009094715118408,0.031185925006866455
831,0,0,0.6011239290237427,0.028728457167744637
832,0,0,0.601122260093689,0.028454504907131195
833,0,0,0.6008177995681763,0.028972433879971504
834,0,0,0.6002611517906189,0.026730976998806
835,0,0,0.5994411110877991,0.02659359574317932
836,0,0,0.5986893177032471,0.022865815088152885
837,0,0,0.5982667803764343,0.021299071609973907
838,0,0,0.5975987315177917,0.018581310287117958
839,0,0,0.5967235565185547,0.01779232919216156
840,0,0,0.5957950353622437,0.016558943316340446
841,0,0,0.5952181816101074,0.016627324745059013
842,0,0,0.5949567556381226,0.01667385920882225
843,0,0,0.594855785369873,0.018308458849787712
844,0,0,0.5945662260055542,0.01727297715842724
845,0,0,0.5941920280456543,0.014487871900200844
846,0,0,0.5941723585128784,0.010553376749157906
847,0,0,0.5940850973129272,0.010708136484026909
848,0,0,0.5940688848495483,0.009102234616875648
849,0,0,0.5940505266189575,0.008192833513021469
850,0,0,0.5940775871276855,0.00784403644502163
851,0,0,0.5940343141555786,0.005541319493204355
852,0,0,0.5940115451812744,0.004074761178344488
853,0,0,0.593912661075592,0.0005815159529447556
854,0,0,0.5939815044403076,-0.0010868185199797153
855,0,0,0.594172477722168,-0.0032990225590765476
856,0,0,0.5945274829864502,-0.004760382696986198
857,0,0,0.5947305560112,-0.006594855338335037
858,0,0,0.5948451161384583,-0.006075636949390173
859,0,0,0.594954788684845,-0.007638841867446899
860,0,0,0.5948110818862915,-0.009560128673911095
861,0,0,0.5947552919387817,-0.00982680357992649
862,0,0,0.5951370000839233,-0.011023588478565216
863,0,0,0.5958303213119507,-0.013433767482638359
864,0,0,0.5967661142349243,-0.017505187541246414
865,0,0,0.5977507829666138,-0.017851654440164566
866,0,0,0.5987539291381836,-0.019781529903411865
867,0,0,0.599686324596405,-0.01824495568871498
868,0,0,0.6006526947021484,-0.01746775396168232
869,0,0,0.601309061050415,-0.017191141843795776
870,0,0,0.6016833782196045,-0.01667059026658535
871,0,0,0.6017652750015259,-0.016962645575404167
872,0,0,0.6017795205116272,-0.018284017220139503
873,0,0,0.6020391583442688,-0.018931757658720016
874,0,0,0.6024484634399414,-0.021006830036640167
875,0,0,0.6027400493621826,-0.021695272997021675
876,0,0,0.6030413508415222,-0.02246563322842121
877,0,0,0.6033596992492676,-0.021280992776155472
878,0,0,0.6038200259208679,-0.020515482872724533
879,0,0,0.6042072772979736,-0.022223375737667084
880,0,0,0.6046133041381836,-0.021370481699705124
881,0,0,0.6050466299057007,-0.021489383652806282
882,0,0,0.6052279472351074,-0.02047647349536419
883,0,0,0.6058514714241028,-0.0227558184415102
884,0,0,0.6065688133239746,-0.025044171139597893
885,0,0,0.607352614402771,-0.02500283345580101
886,0,0,0.6080771088600159,-0.025255028158426285
887,0,0,0.6085255146026611,-0.02543134242296219
888,0,0,0.6087572574615479,-0.027118684723973274
889,0,0,0.6087909936904907,-0.02788793109357357
890,0,0,0.6086908578872681,-0.02743241749703884
891,0,0,0.6085641384124756,-0.026444274932146072
892,0,0,0.6084080934524536,-0.02429291605949402
893,0,0,0.608014702796936,-0.02332397922873497
894,0,0,0.6074631810188293,-0.02071596123278141
895,0,0,0.6067814230918884,-0.020777393132448196
896,0,0,0.606256365776062,-0.022313712164759636
897,0,0,0.6056732535362244,-0.024694468826055527
898,0,0,0.6049231290817261,-0.02823147550225258
899,0,0,0.6042030453681946,-0.029934082180261612
900,0,0,0.6035451889038086,-0.031937479972839355
901,0,0,0.6029808521270752,-0.03693809360265732
902,0,0,0.6025291085243225,-0.03834320977330208
903,0,0,0.6023637056350708,-0.040540970861911774
904,0,0,0.6021674871444702,-0.0429467037320137
905,0,0,0.6017837524414062,-0.04216378927230835
906,0,0,0.6016203165054321,-0.04122648015618324
907,0,0,0.6019583940505981,-0.04319866746664047
908,0,0,0.6025955677032471,-0.04323117807507515
909,0,0,0.6032103300094604,-0.0463164821267128
910,0,0,0.6035254001617432,-0.04606829211115837
911,0,0,0.6038108468055725,-0.044307075440883636
912,0,0,0.6038320660591125,-0.042612746357917786
913,0,0,0.6036505103111267,-0.044072382152080536
914,0,0,0.6034116148948669,-0.04412524402141571
915,0,0,0.6032062768936157,-0.04419153556227684
916,0,0,0.6030722856521606,-0.045167531818151474
917,0,0,0.6029164791107178,-0.046369824558496475
918,0,0,0.6029732823371887,-0.04528917372226715
919,0,0,0.6030269265174866,-0.042498037219047546
920,0,0,0.6030746102333069,-0.04041823744773865
921,0,0,0.6031372547149658,-0.03752162307500839
922,0,0,0.6032544374465942,-0.032665595412254333
923,0,0,0.6035190224647522,-0.029764527454972267
924,0,0,0.6038187146186829,-0.027217235416173935
925,0,0,0.6039794087409973,-0.02750910446047783
926,0,0,0.6039586663246155,-0.02697356604039669
927,0,0,0.6038861274719238,-0.026119789108633995
928,0,0,0.6035695672035217,-0.0266112107783556
929,0,0,0.6031015515327454,-0.027020566165447235
930,0,0,0.602558434009552,-0.028056466951966286
931,0,0,0.6020066142082214,-0.028811274096369743
932,0,0,0.6016702651977539,-0.029768893495202065
933,0,0,0.6014754176139832,-0.030919084325432777
934,0,0,0.6016165614128113,-0.034317757934331894
935,0,0,0.6023157835006714,-0.03596115857362747
936,0,0,0.6033969521522522,-0.03775117173790932
937,0,0,0.6044417023658752,-0.03786472976207733
938,0,0,0.6055612564086914,-0.03761587291955948
939,0,0,0.606595516204834,-0.039934806525707245
940,0,0,0.6072157025337219,-0.036315105855464935
941,0,0,0.6076855063438416,-0.03172660619020462
942,0,0,0.6079840064048767,-0.028688568621873856
943,0,0,0.608300507068634,-0.028054116293787956
944,0,0,0.6083861589431763,-0.022693894803524017
945,0,0,0.6084344983100891,-0.016903797164559364
946,0,0,0.6085507869720459,-0.01261349767446518
947,0,0,0.6089110374450684,-0.008072391152381897
948,0,0,0.6096214652061462,-0.0046141622588038445
949,0,0,0.6104819178581238,-0.00019253348000347614
950,0,0,0.6113817095756531,0.002970732282847166
951,0,0,0.6121211647987366,0.0062172869220376015
952,0,0,0.612773060798645,0.00923258438706398
953,0,0,0.6133434772491455,0.012370345182716846
954,0,0,0.6138461828231812,0.011072689667344093
955,0,0,0.614346444606781,0.008085071109235287
956,0,0,0.6146055459976196,0.005167120136320591
957,0,0,0.6147935390472412,0.0016036952147260308
958,0,0,0.6148715615272522,-0.003427474293857813
959,0,0,0.6145961880683899,-0.005796229466795921
960,0,0,0.6139477491378784,-0.006700098514556885
961,0,0,0.613129734992981,-0.005139775574207306
962,0,0,0.6121010780334473,-0.0026121654082089663
963,0,0,0.611041784286499,-0.002115108072757721
964,0,0,0.6099904179573059,-0.004009443335235119
965,0,0,0.6089487671852112,-0.006810569670051336
966,0,0,0.6076796054840088,-0.007679266855120659
967,0,0,0.6065114736557007,-0.0070470962673425674
968,0,0,0.605460524559021,-0.006959196645766497
969,0,0,0.6047753691673279,-0.009050773456692696
970,0,0,0.604414701461792,-0.012380991131067276
971,0,0,0.6040561199188232,-0.015678344294428825
972,0,0,0.6035154461860657,-0.01715044304728508
973,0,0,0.6028981804847717,-0.018387604504823685
974,0,0,0.6022657155990601,-0.02182263322174549
975,0,0,0.6015336513519287,-0.025271937251091003
976,0,0,0.6006150841712952,-0.028194768354296684
977,0,0,0.5995796918869019,-0.028291605412960052
978,0,0,0.5986475348472595,-0.027256323024630547
979,0,0,0.5977534055709839,-0.02563922479748726
980,0,0,0.5969201326370239,-0.02436460182070732
981,0,0,0.596039891242981,-0.02329867333173752
982,0,0,0.5954945087432861,-0.023178359493613243
983,0,0,0.5950556993484497,-0.018807804211974144
984,0,0,0.5947648882865906,-0.017455752938985825
985,0,0,0.5946125388145447,-0.018346356227993965
986,0,0,0.5945252180099487,-0.01699119247496128
987,0,0,0.5947443246841431,-0.018062449991703033
988,0,0,0.5953920483589172,-0.019060321152210236
989,0,0,0.5961260795593262,-0.02027815580368042
990,0,0,0.5972571969032288,-0.018438931554555893
991,0,0,0.5987844467163086,-0.019254865124821663
992,0,0,0.6007174253463745,-0.0169910229742527
993,0,0,0.6028035879135132,-0.01861746236681938
994,0,0,0.6050165891647339,-0.020710552111268044
995,0,0,0.6073158979415894,-0.024561097845435143
996,0,0,0.6094323992729187,-0.027272319421172142
997,0,0,0.6112730503082275,-0.031289294362068176
998,0,0,0.6127926111221313,-0.03219565004110336
999,0,0,0.6142475605010986,-0.0314406082034111
