Step,Tag,Cortisol,Serotonin,Health,Energy,Anxiety,Threshold
0,Baseline,0.0,0.8,1.0,9.990031242370605,0.0,7.6
1,Baseline,0.0,0.8,1.0,9.977863311767578,0.008552095852792263,7.6
2,Baseline,0.0,0.8,1.0,9.968910217285156,0.01245091762393713,7.6
3,Baseline,0.0,0.8,1.0,9.959198951721191,0.020508911460638046,7.6
4,Baseline,0.0,0.8,1.0,9.949139595031738,0.01814069040119648,7.6
5,Baseline,0.0,0.8,1.0,9.938722610473633,0.01756352186203003,7.6
6,Baseline,0.0,0.8,1.0,9.928279876708984,0.023113185539841652,7.6
7,Baseline,0.0,0.8,1.0,9.918509483337402,0.03213486075401306,7.6
8,Baseline,0.0,0.8,1.0,9.90808391571045,0.01963571459054947,7.6
9,Baseline,0.0,0.8,1.0,9.899811744689941,0.01983257755637169,7.6
10,Baseline,0.0,0.8,1.0,9.891953468322754,0.009567583911120892,7.6
11,Baseline,0.0,0.8,1.0,9.882660865783691,0.008240876719355583,7.6
12,Baseline,0.0,0.8,1.0,9.874415397644043,0.015113147906959057,7.6
13,Baseline,0.0,0.8,1.0,9.865010261535645,0.03071202151477337,7.6
14,Baseline,0.0,0.8,1.0,9.854446411132812,0.0470852367579937,7.6
15,Baseline,0.0,0.8,1.0,9.843881607055664,0.04751264676451683,7.6
16,Baseline,0.0,0.8,1.0,9.83446216583252,0.03401879966259003,7.6
17,Baseline,0.0,0.8,1.0,9.8228178024292,0.047520093619823456,7.6
18,Baseline,0.0,0.8,1.0,9.814130783081055,0.031076204031705856,7.6
19,Baseline,0.0,0.8,1.0,9.805041313171387,0.03998623043298721,7.6
20,Baseline,0.0,0.8,1.0,9.798559188842773,0.021276284009218216,7.6
21,Baseline,0.0,0.8,1.0,9.787820816040039,0.010125087574124336,7.6
22,Baseline,0.0,0.8,1.0,9.777081489562988,0.010583240538835526,7.6
23,Baseline,0.0,0.8,1.0,9.768486022949219,0.012765934690833092,7.6
24,Baseline,0.0,0.8,1.0,9.758076667785645,0.016377080231904984,7.6
25,Baseline,0.0,0.8,1.0,9.7469482421875,0.016273701563477516,7.6
26,Baseline,0.0,0.8,1.0,9.733278274536133,0.021302735432982445,7.6
27,Baseline,0.0,0.8,1.0,9.722021102905273,0.04217192530632019,7.6
28,Baseline,0.0,0.8,1.0,9.711785316467285,0.05359699949622154,7.6
29,Baseline,0.0,0.8,1.0,9.703340530395508,0.054454509168863297,7.6
30,Baseline,0.0,0.8,1.0,9.693498611450195,0.04673277959227562,7.6
31,Baseline,0.0,0.8,1.0,9.683969497680664,0.055543407797813416,7.6
32,Baseline,0.0,0.8,1.0,9.674446105957031,0.05489657074213028,7.6
33,Baseline,0.0,0.8,1.0,9.664571762084961,0.05308147892355919,7.6
34,Baseline,0.0,0.8,1.0,9.656476020812988,0.05658742040395737,7.6
35,Baseline,0.0,0.8,1.0,9.648357391357422,0.061168622225522995,7.6
36,Baseline,0.0,0.8,1.0,9.637445449829102,0.04485738277435303,7.6
37,Baseline,0.0,0.8,1.0,9.630169868469238,0.03656119480729103,7.6
38,Baseline,0.0,0.8,1.0,9.619365692138672,0.023258063942193985,7.6
39,Baseline,0.0,0.8,1.0,9.609557151794434,0.03972640261054039,7.6
40,Baseline,0.0,0.8,1.0,9.600435256958008,0.046303004026412964,7.6
41,Baseline,0.0,0.8,1.0,9.590445518493652,0.07616376131772995,7.6
42,Baseline,0.0,0.8,1.0,9.581612586975098,0.0602644681930542,7.6
43,Baseline,0.0,0.8,1.0,9.573402404785156,0.07963456213474274,7.6
44,Baseline,0.0,0.8,1.0,9.561954498291016,0.08031942695379257,7.6
45,Baseline,0.0,0.8,1.0,9.553314208984375,0.09365431219339371,7.6
46,Baseline,0.0,0.8,1.0,9.542874336242676,0.09419544786214828,7.6
47,Baseline,0.0,0.8,1.0,9.532510757446289,0.07905000448226929,7.6
48,Baseline,0.0,0.8,1.0,9.52221393585205,0.06562841683626175,7.6
49,Baseline,0.0,0.8,1.0,9.511902809143066,0.0684966966509819,7.6
50,Baseline,0.0,0.8,1.0,9.50482177734375,0.06913519650697708,7.6
51,Baseline,0.0,0.8,1.0,9.494887351989746,0.06524835526943207,7.6
52,Baseline,0.0,0.8,1.0,9.485725402832031,0.054135121405124664,7.6
53,Baseline,0.0,0.8,1.0,9.477680206298828,0.046804945915937424,7.6
54,Baseline,0.0,0.8,1.0,9.466899871826172,0.018312891945242882,7.6
55,Baseline,0.0,0.8,1.0,9.456134796142578,0.01577090285718441,7.6
56,Baseline,0.0,0.8,1.0,9.447874069213867,0.01782018132507801,7.6
57,Baseline,0.0,0.8,1.0,9.43850040435791,0.024768292903900146,7.6
58,Baseline,0.0,0.8,1.0,9.428442001342773,0.017893683165311813,7.6
59,Baseline,0.0,0.8,1.0,9.417641639709473,0.022519703954458237,7.6
60,Baseline,0.0,0.8,1.0,9.405415534973145,0.020322861149907112,7.6
61,Baseline,0.0,0.8,1.0,9.394615173339844,0.022699885070323944,7.6
62,Baseline,0.0,0.8,1.0,9.383833885192871,0.018452730029821396,7.6
63,Baseline,0.0,0.8,1.0,9.375211715698242,0.018380800262093544,7.6
64,Baseline,0.0,0.8,1.0,9.365406036376953,0.0390477329492569,7.6
65,Baseline,0.0,0.8,1.0,9.355842590332031,0.06271257996559143,7.6
66,Baseline,0.0,0.8,1.0,9.347667694091797,0.07256397604942322,7.6
67,Baseline,0.0,0.8,1.0,9.337973594665527,0.08867626637220383,7.6
68,Baseline,0.0,0.8,1.0,9.326406478881836,0.1043085977435112,7.6
69,Baseline,0.0,0.8,1.0,9.315895080566406,0.10843740403652191,7.6
70,Baseline,0.0,0.8,1.0,9.306089401245117,0.11113680899143219,7.6
71,Baseline,0.0,0.8,1.0,9.29661750793457,0.11633238196372986,7.6
72,Baseline,0.0,0.8,1.0,9.287903785705566,0.10851266235113144,7.6
73,Baseline,0.0,0.8,1.0,9.279945373535156,0.10083848237991333,7.6
74,Baseline,0.0,0.8,1.0,9.271265983581543,0.10169794410467148,7.6
75,Baseline,0.0,0.8,1.0,9.262616157531738,0.09564930945634842,7.6
76,Baseline,0.0,0.8,1.0,9.253650665283203,0.08679085969924927,7.6
77,Baseline,0.0,0.8,1.0,9.24393367767334,0.09354180842638016,7.6
78,Baseline,0.0,0.8,1.0,9.233850479125977,0.09455420076847076,7.6
79,Baseline,0.0,0.8,1.0,9.226686477661133,0.0858382061123848,7.6
80,Baseline,0.0,0.8,1.0,9.218831062316895,0.08071860671043396,7.6
81,Baseline,0.0,0.8,1.0,9.209238052368164,0.0684623122215271,7.6
82,Baseline,0.0,0.8,1.0,9.200018882751465,0.06591241806745529,7.6
83,Baseline,0.0,0.8,1.0,9.190491676330566,0.055264249444007874,7.6
84,Baseline,0.0,0.8,1.0,9.178808212280273,0.055512018501758575,7.6
85,Baseline,0.0,0.8,1.0,9.169332504272461,0.0452122762799263,7.6
86,Baseline,0.0,0.8,1.0,9.158431053161621,0.042734380811452866,7.6
87,Baseline,0.0,0.8,1.0,9.1486234664917,0.03971177712082863,7.6
88,Baseline,0.0,0.8,1.0,9.137344360351562,0.046492546796798706,7.6
89,Baseline,0.0,0.8,1.0,9.124993324279785,0.045297980308532715,7.6
90,Baseline,0.0,0.8,1.0,9.115510940551758,0.04639654606580734,7.6
91,Baseline,0.0,0.8,1.0,9.104561805725098,0.05217151716351509,7.6
92,Baseline,0.0,0.8,1.0,9.093954086303711,0.056120604276657104,7.6
93,Baseline,0.0,0.8,1.0,9.083328247070312,0.059489406645298004,7.6
94,Baseline,0.0,0.8,1.0,9.071601867675781,0.06433333456516266,7.6
95,Baseline,0.0,0.8,1.0,9.06341552734375,0.07456280291080475,7.6
96,Baseline,0.0,0.8,1.0,9.053747177124023,0.08362922072410583,7.6
97,Baseline,0.0,0.8,1.0,9.045150756835938,0.08507981151342392,7.6
98,Baseline,0.0,0.8,1.0,9.033670425415039,0.08666440844535828,7.6
99,Baseline,0.0,0.8,1.0,9.02331256866455,0.07768934220075607,7.6
100,Stress,0.0,0.8,1.0,9.015504837036133,0.07127020508050919,7.6
101,Stress,0.0,0.8,1.0,9.007553100585938,0.1714007705450058,7.6
102,Stress,0.0,0.8,1.0,8.9993257522583,0.15498128533363342,7.6
103,Stress,0.0,0.8,1.0,8.989288330078125,0.15740971267223358,7.6
104,Stress,0.0,0.8,1.0,8.980703353881836,0.15456119179725647,7.6
105,Stress,0.0,0.8,1.0,8.969554901123047,0.16406500339508057,7.6
106,Stress,0.0,0.8,1.0,8.959455490112305,0.16990479826927185,7.6
107,Stress,0.0,0.8,1.0,8.950800895690918,0.1684805452823639,7.6
108,Stress,0.0,0.8,1.0,8.940796852111816,0.15085960924625397,7.6
109,Stress,0.0,0.8,1.0,8.928542137145996,0.16944263875484467,7.6
110,Stress,0.0,0.8,1.0,8.920963287353516,0.1690879762172699,7.6
111,Stress,0.0,0.8,1.0,8.910234451293945,0.1520329862833023,7.6
112,Stress,0.0,0.8,1.0,8.899845123291016,0.15595799684524536,7.6
113,Stress,0.0,0.8,1.0,8.890527725219727,0.15714900195598602,7.6
114,Stress,0.0,0.8,1.0,8.881314277648926,0.20839166641235352,7.6
115,Stress,0.0,0.8,1.0,8.872981071472168,0.17609213292598724,7.6
116,Stress,0.0,0.8,1.0,8.862174987792969,0.16754573583602905,7.6
117,Stress,0.0,0.8,1.0,8.852051734924316,0.1746397614479065,7.6
118,Stress,0.0,0.8,1.0,8.841853141784668,0.18978023529052734,7.6
119,Stress,0.0,0.8,1.0,8.831628799438477,0.1947920322418213,7.6
120,Stress,0.0,0.8,1.0,8.822580337524414,0.17537327110767365,7.6
121,Stress,0.0,0.8,1.0,8.812124252319336,0.1692773699760437,7.6
122,Stress,0.0,0.8,1.0,8.800209999084473,0.17349563539028168,7.6
123,Stress,0.0,0.8,1.0,8.788673400878906,0.16995882987976074,7.6
124,Stress,0.0,0.8,1.0,8.77902603149414,0.15136459469795227,7.6
125,Stress,0.0,0.8,1.0,8.76890754699707,0.17383554577827454,7.6
126,Stress,0.0,0.8,1.0,8.759160995483398,0.17111387848854065,7.6
127,Stress,0.0,0.8,1.0,8.750839233398438,0.17379553616046906,7.6
128,Stress,0.0,0.8,1.0,8.740959167480469,0.19790314137935638,7.6
129,Stress,0.0,0.8,1.0,8.730916023254395,0.1585155874490738,7.6
130,Stress,0.0,0.8,1.0,8.722640037536621,0.16466359794139862,7.6
131,Stress,0.0,0.8,1.0,8.71223258972168,0.15970821678638458,7.6
132,Stress,0.0,0.8,1.0,8.704631805419922,0.17316316068172455,7.6
133,Stress,0.0,0.8,1.0,8.695211410522461,0.1779019832611084,7.6
134,Stress,0.0,0.8,1.0,8.684849739074707,0.15057715773582458,7.6
135,Stress,0.0,0.8,1.0,8.674001693725586,0.17591592669487,7.6
136,Stress,0.0,0.8,1.0,8.66429615020752,0.1629771888256073,7.6
137,Stress,0.0,0.8,1.0,8.655336380004883,0.15759284794330597,7.6
138,Stress,0.0,0.8,1.0,8.643861770629883,0.15743616223335266,7.6
139,Stress,0.0,0.8,1.0,8.633744239807129,0.17353591322898865,7.6
140,Stress,0.0,0.8,1.0,8.625410079956055,0.17600448429584503,7.6
141,Stress,0.0,0.8,1.0,8.613898277282715,0.16507671773433685,7.6
142,Stress,0.0,0.8,1.0,8.602960586547852,0.1937735378742218,7.6
143,Stress,0.0,0.8,1.0,8.591998100280762,0.1990129053592682,7.6
144,Stress,0.0,0.8,1.0,8.581652641296387,0.14688876271247864,7.6
145,Stress,0.0,0.8,1.0,8.571203231811523,0.16799281537532806,7.6
146,Stress,0.0,0.8,1.0,8.560783386230469,0.16234742105007172,7.6
147,Stress,0.0,0.8,1.0,8.551847457885742,0.15286247432231903,7.6
148,Stress,0.0,0.8,1.0,8.544529914855957,0.1883881390094757,7.6
149,Stress,0.0,0.8,1.0,8.5363187789917,0.15165527164936066,7.6
150,Stress,0.0,0.8,1.0,8.525510787963867,0.1677858829498291,7.6
151,Stress,0.0,0.8,1.0,8.51533031463623,0.1861639767885208,7.6
152,Stress,0.0,0.8,1.0,8.505584716796875,0.1709926575422287,7.6
153,Stress,0.0,0.8,1.0,8.495807647705078,0.17744600772857666,7.6
154,Stress,0.0,0.8,1.0,8.48532772064209,0.17400474846363068,7.6
155,Stress,0.0,0.8,1.0,8.475842475891113,0.19090770184993744,7.6
156,Stress,0.0,0.8,1.0,8.465324401855469,0.18173664808273315,7.6
157,Stress,0.0,0.8,1.0,8.454787254333496,0.1853959858417511,7.6
158,Stress,0.0,0.8,1.0,8.444974899291992,0.18421423435211182,7.6
159,Stress,0.0,0.8,1.0,8.434195518493652,0.16248919069766998,7.6
160,Stress,0.0,0.8,1.0,8.423715591430664,0.173903688788414,7.6
161,Stress,0.0,0.8,1.0,8.412447929382324,0.18788975477218628,7.6
162,Stress,0.0,0.8,1.0,8.400168418884277,0.17484748363494873,7.6
163,Stress,0.0,0.8,1.0,8.391141891479492,0.17101062834262848,7.6
164,Stress,0.0,0.8,1.0,8.380663871765137,0.17361107468605042,7.6
165,Stress,0.0,0.8,1.0,8.37022590637207,0.16586756706237793,7.6
166,Stress,0.0,0.8,1.0,8.35940933227539,0.16952601075172424,7.6
167,Stress,0.0,0.8,1.0,8.350046157836914,0.16637617349624634,7.6
168,Stress,0.0,0.8,1.0,8.338248252868652,0.15033921599388123,7.6
169,Stress,0.0,0.8,1.0,8.326982498168945,0.18731923401355743,7.6
170,Stress,0.0,0.8,1.0,8.315629005432129,0.20539477467536926,7.6
171,Stress,0.0,0.8,1.0,8.305532455444336,0.16912959516048431,7.6
172,Stress,0.0,0.8,1.0,8.295825958251953,0.1632174700498581,7.6
173,Stress,0.0,0.8,1.0,8.285370826721191,0.16922712326049805,7.6
174,Stress,0.0,0.8,1.0,8.276644706726074,0.18271848559379578,7.6
175,Stress,0.0,0.8,1.0,8.265495300292969,0.16424988210201263,7.6
176,Stress,0.0,0.8,1.0,8.256085395812988,0.17560282349586487,7.6
177,Stress,0.0,0.8,1.0,8.244385719299316,0.20246772468090057,7.6
178,Stress,0.0,0.8,1.0,8.232766151428223,0.18659214675426483,7.6
179,Stress,0.0,0.8,1.0,8.220139503479004,0.17220720648765564,7.6
180,Stress,0.0,0.8,1.0,8.207854270935059,0.17583215236663818,7.6
181,Stress,0.0,0.8,1.0,8.195236206054688,0.17036554217338562,7.6
182,Stress,0.0,0.8,1.0,8.185352325439453,0.19858837127685547,7.6
183,Stress,0.0,0.8,1.0,8.173440933227539,0.17301711440086365,7.6
184,Stress,0.0,0.8,1.0,8.162613868713379,0.17169827222824097,7.6
185,Stress,0.0,0.8,1.0,8.152861595153809,0.17247574031352997,7.6
186,Stress,0.0,0.8,1.0,8.143108367919922,0.17245754599571228,7.6
187,Stress,0.0,0.8,1.0,8.131933212280273,0.16942556202411652,7.6
188,Stress,0.0,0.8,1.0,8.124428749084473,0.1539839506149292,7.6
189,Stress,0.0,0.8,1.0,8.116064071655273,0.18236075341701508,7.6
190,Stress,0.0,0.8,1.0,8.106383323669434,0.1579202264547348,7.6
191,Stress,0.0,0.8,1.0,8.09626293182373,0.1741185486316681,7.6
192,Stress,0.0,0.8,1.0,8.086910247802734,0.16447432339191437,7.6
193,Stress,0.0,0.8,1.0,8.077181816101074,0.16744664311408997,7.6
194,Stress,0.0,0.8,1.0,8.068770408630371,0.19180575013160706,7.6
195,Stress,0.0,0.8,1.0,8.058624267578125,0.17897635698318481,7.6
196,Stress,0.0,0.8,1.0,8.050203323364258,0.19364666938781738,7.6
197,Stress,0.0,0.8,1.0,8.040433883666992,0.17588381469249725,7.6
198,Stress,0.0,0.8,1.0,8.030572891235352,0.19401490688323975,7.6
199,Stress,0.0,0.8,1.0,8.020295143127441,0.205538809299469,7.6
200,Stress,0.0,0.8,1.0,8.010517120361328,0.1775587797164917,7.6
201,Stress,0.0,0.8,1.0,8.000303268432617,0.19277796149253845,7.6
202,Stress,0.0,0.8,1.0,7.99157190322876,0.18379688262939453,7.6
203,Stress,0.005000000074505806,0.7920000076293946,0.9900000095367432,7.983664035797119,0.16284561157226562,7.564000014960766
204,Stress,0.009995000064373018,0.7840000152587892,0.9800000190734863,7.973546981811523,0.17349529266357422,7.528020030260087
205,Stress,0.01498500555753708,0.7760000228881836,0.9700000286102295,7.965082168579102,0.20215865969657898,7.492060023546219
206,Stress,0.019940049946308137,0.7680000305175781,0.9600000381469727,7.955385208129883,0.16127222776412964,7.456239861249924
207,Stress,0.024880228936672213,0.7600000381469727,0.9500000476837158,7.943127155303955,0.17041967809200287,7.420479160547256
208,Stress,0.02985534965991974,0.7520000457763673,0.940000057220459,7.931960105895996,0.16797351837158203,7.384578692913056
209,Stress,0.03482549488544464,0.7440000534057618,0.9300000667572021,7.921754360198975,0.19101950526237488,7.348698127269745
210,Stress,0.03979067206382752,0.7360000610351562,0.9200000762939453,7.910595417022705,0.16614602506160736,7.312837433815003
211,Stress,0.0446713000535965,0.7280000686645508,0.9100000858306885,7.900903701782227,0.16019748151302338,7.277314937114715
212,Stress,0.049537286162376404,0.7200000762939454,0.9000000953674316,7.889993667602539,0.18824926018714905,7.241851007938385
213,Stress,0.05448774695396424,0.7120000839233399,0.8900001049041748,7.878795623779297,0.17395782470703125,7.206049180030823
214,Stress,0.05943326354026795,0.7040000915527345,0.880000114440918,7.867968559265137,0.17174656689167023,7.170267128944397
215,Stress,0.0643738329410553,0.6960000991821289,0.8700001239776611,7.857053756713867,0.18913622200489044,7.134504866600037
216,Stress,0.06930946111679077,0.6880001068115235,0.8600001335144043,7.847565650939941,0.19144365191459656,7.098762369155883
217,Stress,0.07424015402793885,0.680000114440918,0.8500001430511475,7.836940288543701,0.20311395823955536,7.06303961277008
218,Stress,0.079165917634964,0.6720001220703126,0.8400001525878906,7.827608585357666,0.16006162762641907,7.02733657360077
219,Stress,0.08408675193786622,0.6640001296997071,0.8300001621246338,7.817041397094727,0.19155530631542206,6.991653251647949
220,Stress,0.08883448839187623,0.6560001373291016,0.820000171661377,7.8067121505737305,0.1439829021692276,6.956662321090699
221,Stress,0.09374565482139588,0.6480001449584961,0.8100001811981201,7.796280860900879,0.16443929076194763,6.921017670631408
222,Stress,0.09865190982818604,0.6400001525878907,0.8000001907348633,7.7869181632995605,0.1662093997001648,6.885392665863037
223,Stress,0.10355325937271119,0.6320001602172852,0.7900002002716064,7.779420375823975,0.15272949635982513,6.849787282943726
224,Stress,0.10824259519577027,0.6240001678466798,0.7800002098083496,7.767501354217529,0.17438776791095734,6.815029954910279
225,Stress,0.11313434839248658,0.6160001754760742,0.7700002193450928,7.758815288543701,0.17465505003929138,6.7794629573822025
226,Stress,0.11802121400833131,0.6080001831054688,0.7600002288818359,7.748359680175781,0.16937950253486633,6.7439155101776125
227,Stress,0.12290319204330445,0.6000001907348633,0.7500002384185791,7.7375288009643555,0.17245598137378693,6.708387613296509
228,Stress,0.127780282497406,0.5920001983642579,0.7400002479553223,7.728765964508057,0.18995270133018494,6.672879266738892
229,Stress,0.13265249729156495,0.5840002059936523,0.7300002574920654,7.722550868988037,0.18366317451000214,6.637390422821045
230,Stress,0.13751983642578125,0.5760002136230469,0.7200002670288086,7.713493347167969,0.17706599831581116,6.601921081542969
231,Stress,0.1423823118209839,0.5680002212524414,0.7100002765655518,7.702279090881348,0.17721568048000336,6.566471195220947
232,Stress,0.14695515632629394,0.560000228881836,0.7000002861022949,7.693323612213135,0.15676458179950714,6.532179832458496
233,Stress,0.15151427984237673,0.5520002365112305,0.6900002956390381,7.681106090545654,0.1622275561094284,6.497943353652954
234,Stress,0.1563627600669861,0.544000244140625,0.6800003051757812,7.671619892120361,0.19119617342948914,6.462549448013306
235,Stress,0.1612064003944397,0.5360002517700195,0.6700003147125244,7.662555694580078,0.1782107651233673,6.42717490196228
236,Stress,0.1660451889038086,0.5280002593994141,0.6600003242492676,7.653862953186035,0.17613711953163147,6.391819763183594
237,Stress,0.17087913751602174,0.5200002670288086,0.6500003337860107,7.64143180847168,0.20492199063301086,6.35648398399353
238,Stress,0.17570825815200808,0.5120002746582032,0.6400003433227539,7.632106781005859,0.15871533751487732,6.321167516708375
239,Stress,0.18018112182617188,0.5040002822875976,0.6300003528594971,7.6198272705078125,0.17475901544094086,6.287276077270508
240,Stress,0.18500094413757326,0.4960002899169922,0.6200003623962402,7.60942268371582,0.15897759795188904,6.251996803283691
241,Stress,0.1898159384727478,0.48800029754638674,0.6100003719329834,7.599701881408691,0.16604244709014893,6.216736841201782
242,Stress,0.19462611675262453,0.4800003051757813,0.6000003814697266,7.589286804199219,0.1611943542957306,6.1814961433410645
243,Stress,0.19943149089813234,0.4720003128051758,0.5900003910064697,7.578889846801758,0.15744811296463013,6.146274662017823
244,Stress,0.2038331985473633,0.46400032043457035,0.5800004005432129,7.567284107208252,0.18375155329704285,6.112667846679687
245,Stress,0.20862936973571777,0.45600032806396484,0.570000410079956,7.556369304656982,0.18908347189426422,6.077483177185059
246,Stress,0.21342074871063232,0.4480003356933594,0.5600004196166992,7.545034885406494,0.20126888155937195,6.042317676544189
247,Stress,0.21820733547210694,0.44000034332275395,0.5500004291534424,7.534639835357666,0.15723827481269836,6.007171344757079
248,Stress,0.22298913002014162,0.43200035095214845,0.5400004386901855,7.5248942375183105,0.17091552913188934,5.972044181823731
249,Stress,0.22776613235473633,0.424000358581543,0.5300004482269287,7.513364315032959,0.16836148500442505,5.9369361877441404
250,Stress,0.23208281993865967,0.4160003662109375,0.5200004577636719,7.502976417541504,0.15575788915157318,5.903669452667236
251,Stress,0.23638656139373782,0.40800037384033205,0.510000467300415,7.491069793701172,0.1720670610666275,5.870454502105712
252,Stress,0.24115016460418703,0.4000003814697266,0.5000004768371582,7.481308460235596,0.17396527528762817,5.835400104522705
253,Stress,0.24590902328491213,0.3920003890991211,0.49000048637390137,7.470743656158447,0.1910904198884964,5.800364685058594
254,Stress,0.2506631135940552,0.38400039672851566,0.48000049591064453,7.459841251373291,0.18683341145515442,5.765348339080811
255,Stress,0.2554124593734741,0.37600040435791016,0.4700005054473877,7.448906421661377,0.19303137063980103,5.730350971221924
256,Stress,0.260157036781311,0.3680004119873047,0.46000051498413086,7.440873146057129,0.18804603815078735,5.695372676849365
257,Stress,0.26489686965942383,0.36000041961669926,0.450000524520874,7.430083274841309,0.16421110928058624,5.660413360595703
258,Stress,0.2696319818496704,0.35200042724609376,0.4400005340576172,7.420722007751465,0.16598157584667206,5.625472927093506
259,Stress,0.2743623495101929,0.3440004348754883,0.43000054359436035,7.412038803100586,0.17407773435115814,5.590551471710205
260,Stress,0.27908799648284915,0.3360004425048828,0.4200005531311035,7.400419235229492,0.18642407655715942,5.555648899078369
261,Stress,0.28380889892578126,0.32800045013427737,0.4100005626678467,7.39008903503418,0.14408327639102936,5.52076530456543
262,Stress,0.2885250806808472,0.3200004577636719,0.40000057220458984,7.380357265472412,0.16850495338439941,5.485900592803954
263,Stress,0.2932365655899048,0.3120004653930664,0.390000581741333,7.367257118225098,0.19496257603168488,5.451054668426514
264,Stress,0.2979433298110962,0.30400047302246097,0.38000059127807617,7.357039451599121,0.1935058981180191,5.416227626800537
265,Stress,0.3026453971862793,0.29600048065185547,0.37000060081481934,7.348625183105469,0.19210129976272583,5.381419372558594
266,Stress,0.3073427438735962,0.28800048828125,0.3600006103515625,7.337353706359863,0.18869146704673767,5.346630001068115
267,Stress,0.31142070293426516,0.2800004959106445,0.35000061988830566,7.327229976654053,0.1747734695672989,5.3143181800842285
268,Stress,0.3161092758178711,0.2720005035400391,0.34000062942504883,7.317079544067383,0.18012714385986328,5.279563903808594
269,Stress,0.3207931756973267,0.2640005111694336,0.330000638961792,7.306643486022949,0.16527344286441803,5.24482831954956
270,Stress,0.32547237873077395,0.2560005187988281,0.32000064849853516,7.298977851867676,0.18629497289657593,5.210111522674561
271,Stress,0.32949595451354985,0.24800052642822268,0.3100006580352783,7.290706634521484,0.16360627114772797,5.178017234802246
272,Stress,0.3335074663162232,0.2400005340576172,0.3000006675720215,7.281650543212891,0.17673397064208984,5.145971202850341
273,Stress,0.3375069379806519,0.23200054168701173,0.29000067710876465,7.271815776824951,0.18888017535209656,5.113973331451416
274,Stress,0.3421694278717041,0.22400054931640626,0.2800006866455078,7.2622270584106445,0.21146918833255768,5.079323387145996
275,Stress,0.34682726860046387,0.21600055694580078,0.270000696182251,7.253897190093994,0.1753682792186737,5.044692039489746
276,Stress,0.35148043632507325,0.20800056457519533,0.26000070571899414,7.24266242980957,0.18129417300224304,5.010079383850098
277,Stress,0.35612895488739016,0.20000057220458986,0.2500007152557373,7.233147144317627,0.19686159491539001,4.975485324859619
278,Stress,0.3607728242874146,0.19200056791305542,0.24000070989131927,7.222853183746338,0.2087315320968628,4.940909838676452
279,Stress,0.36541204452514653,0.184000563621521,0.23000070452690125,7.215712070465088,0.15328842401504517,4.906352949142456
280,Stress,0.37004663944244387,0.1760005593299866,0.22000069916248322,7.206513404846191,0.20538248121738434,4.871814560890197
281,Stress,0.37467658519744873,0.16800055503845215,0.21000069379806519,7.197413921356201,0.1854216456413269,4.8372947692871096
282,Stress,0.37930190563201904,0.16000055074691774,0.20000068843364716,7.1861958503723145,0.17803043127059937,4.802793478965759
283,Stress,0.3839226007461548,0.1520005464553833,0.19000068306922913,7.179612159729004,0.18548645079135895,4.768310689926148
284,Stress,0.38853867053985597,0.1440005421638489,0.1800006777048111,7.170419216156006,0.20423437654972076,4.7338464021682745
285,Stress,0.39237303733825685,0.13600053787231445,0.17000067234039307,7.160920143127441,0.19355659186840057,4.702508926391602
286,Stress,0.39698066711425783,0.12800053358078003,0.16000066697597504,7.15037727355957,0.18664775788784027,4.6680783987045285
287,Stress,0.4015837192535401,0.12000052928924561,0.150000661611557,7.137655258178711,0.19127722084522247,4.6336661815643305
288,Stress,0.40618214607238773,0.11200052499771118,0.14000065624713898,7.1269049644470215,0.22817526757717133,4.599272465705871
289,Stress,0.41077599525451663,0.10400052070617677,0.13000065088272095,7.1137776374816895,0.20044384896755219,4.564897060394287
290,Stress,0.4145436763763428,0.09600052237510681,0.12000065296888351,7.103354454040527,0.16272993385791779,4.533826339244842
291,Stress,0.41912918090820317,0.08800052404403687,0.11000065505504608,7.092005729675293,0.20413118600845337,4.499484324455261
292,Stress,0.4237100601196289,0.08000052571296692,0.10000065714120865,7.081144332885742,0.17862370610237122,4.465160810947419
293,Stress,0.42743892669677735,0.0800000011920929,0.10000000149011612,7.069450855255127,0.20116305351257324,4.450244295597076
294,Stress,0.4320115089416504,0.0800000011920929,0.10000000149011612,7.058810234069824,0.2061174511909485,4.431953966617584
295,Stress,0.43657951354980473,0.0800000011920929,0.10000000149011612,7.046782493591309,0.19641052186489105,4.4136819481849665
296,Stress,0.4402698040008545,0.0800000011920929,0.10000000149011612,7.03519344329834,0.18014296889305115,4.398920786380767
297,Stress,0.4448295593261719,0.0800000011920929,0.10000000149011612,7.024194717407227,0.20596006512641907,4.380681765079498
298,Stress,0.44938473701477055,0.0800000011920929,0.10000000149011612,7.014778137207031,0.17714880406856537,4.362461054325103
299,Stress,0.4539353847503662,0.0800000011920929,0.10000000149011612,7.004979133605957,0.18160727620124817,4.344258463382721
300,Stress,0.4584814548492432,0.0800000011920929,0.10000000149011612,6.994757652282715,0.1942325383424759,4.326074182987213
301,Stress,0.4621060371398926,0.0800000011920929,0.10000000149011612,6.987835884094238,0.18129085004329681,4.311575853824615
302,Stress,0.465719747543335,0.0800000011920929,0.10000000149011612,6.97664737701416,0.17206156253814697,4.297121012210845
303,Stress,0.47025403976440433,0.0800000011920929,0.10000000149011612,6.966825008392334,0.1863870620727539,4.278983843326568
304,Stress,0.4747838020324707,0.0800000011920929,0.10000000149011612,6.958191871643066,0.16423143446445465,4.260864794254303
305,Stress,0.4793090343475342,0.0800000011920929,0.10000000149011612,6.947348594665527,0.17484062910079956,4.242763864994049
306,Stress,0.4838297367095947,0.0800000011920929,0.10000000149011612,6.936394691467285,0.19691120088100433,4.2246810555458065
307,Stress,0.4883459091186524,0.0800000011920929,0.10000000149011612,6.925508499145508,0.18342894315719604,4.206616365909576
308,Stress,0.4928575992584229,0.0800000011920929,0.10000000149011612,6.915665149688721,0.19066743552684784,4.188569605350494
309,Stress,0.49736475944519043,0.0800000011920929,0.10000000149011612,6.905735015869141,0.207785964012146,4.170540964603424
310,Stress,0.5018674373626709,0.0800000011920929,0.10000000149011612,6.898362636566162,0.19947636127471924,4.152530252933502
311,Stress,0.5053618431091309,0.0800000011920929,0.10000000149011612,6.889904499053955,0.2011006772518158,4.138552629947662
312,Stress,0.5088457584381104,0.0800000011920929,0.10000000149011612,6.881112575531006,0.19587743282318115,4.124616968631743
313,Stress,0.5123192310333252,0.0800000011920929,0.10000000149011612,6.872851848602295,0.2333332896232605,4.110723078250885
314,Stress,0.5157822608947754,0.0800000011920929,0.10000000149011612,6.8645477294921875,0.242160826921463,4.096870958805084
315,Stress,0.5192349433898926,0.0800000011920929,0.10000000149011612,6.854865074157715,0.23016014695167542,4.083060228824615
316,Stress,0.5237157344818115,0.0800000011920929,0.10000000149011612,6.844899654388428,0.21503140032291412,4.065137064456939
317,Stress,0.5281920433044434,0.0800000011920929,0.10000000149011612,6.83343505859375,0.22726669907569885,4.047231829166412
318,Stress,0.5326638698577881,0.0800000011920929,0.10000000149011612,6.824737071990967,0.24901770055294037,4.029344522953033
319,Stress,0.5371312141418457,0.0800000011920929,0.10000000149011612,6.8137922286987305,0.2670384347438812,4.011475145816803
320,Stress,0.541594123840332,0.0800000011920929,0.10000000149011612,6.804439544677734,0.23609183728694916,3.9936235070228574
321,Stress,0.5460525512695312,0.0800000011920929,0.10000000149011612,6.794503688812256,0.20915044844150543,3.9757897973060605
322,Stress,0.5505065441131592,0.0800000011920929,0.10000000149011612,6.7836761474609375,0.2435554563999176,3.9579738259315485
323,Stress,0.5549560546875,0.0800000011920929,0.10000000149011612,6.7740278244018555,0.22349148988723755,3.9401757836341855
324,Stress,0.5594011306762695,0.0800000011920929,0.10000000149011612,6.764399528503418,0.2193301022052765,3.9223954796791074
325,Stress,0.5638417720794678,0.0800000011920929,0.10000000149011612,6.755588054656982,0.19984865188598633,3.904632914066314
326,Stress,0.5682779788970947,0.0800000011920929,0.10000000149011612,6.747204780578613,0.2578066885471344,3.8868880867958064
327,Stress,0.5727097511291505,0.0800000011920929,0.10000000149011612,6.740858554840088,0.20992261171340942,3.8691609978675836
328,Stress,0.5759916305541992,0.0800000011920929,0.10000000149011612,6.731905937194824,0.22801059484481812,3.8560334801673886
329,Stress,0.5792636394500733,0.0800000011920929,0.10000000149011612,6.72109317779541,0.24079208076000214,3.842945444583892
330,Stress,0.5825258731842041,0.0800000011920929,0.10000000149011612,6.711274147033691,0.25739702582359314,3.829896509647369
331,Stress,0.5869433879852295,0.0800000011920929,0.10000000149011612,6.702023983001709,0.21558016538619995,3.8122264504432675
332,Stress,0.5913564682006837,0.0800000011920929,0.10000000149011612,6.691776275634766,0.19958901405334473,3.794574129581451
333,Stress,0.5957651615142823,0.0800000011920929,0.10000000149011612,6.680315017700195,0.22664949297904968,3.7769393563270564
334,Stress,0.6001694202423096,0.0800000011920929,0.10000000149011612,6.670526027679443,0.17968004941940308,3.759322321414947
335,Stress,0.6045692920684815,0.0800000011920929,0.10000000149011612,6.660661697387695,0.2665672302246094,3.7417228341102593
336,Stress,0.6089647293090821,0.0800000011920929,0.10000000149011612,6.6515960693359375,0.25069984793663025,3.724141085147857
337,Stress,0.6121378421783448,0.0800000011920929,0.10000000149011612,6.642497539520264,0.2570234537124634,3.7114486336708064
338,Stress,0.6153014183044434,0.0800000011920929,0.10000000149011612,6.6315202713012695,0.20183409750461578,3.698794329166412
339,Stress,0.6196861267089844,0.0800000011920929,0.10000000149011612,6.62193489074707,0.21083709597587585,3.681255495548248
340,Stress,0.62406644821167,0.0800000011920929,0.10000000149011612,6.611170291900635,0.2310069054365158,3.6637342095375054
341,Stress,0.6284424304962158,0.0800000011920929,0.10000000149011612,6.60128116607666,0.19969047605991364,3.646230280399322
342,Stress,0.6328140258789063,0.0800000011920929,0.10000000149011612,6.590523719787598,0.22960171103477478,3.62874389886856
343,Stress,0.6371812343597413,0.0800000011920929,0.10000000149011612,6.579507350921631,0.2094440758228302,3.6112750649452203
344,Stress,0.6415441036224365,0.0800000011920929,0.10000000149011612,6.569183349609375,0.21485482156276703,3.5938235878944393
345,Stress,0.6459025859832764,0.0800000011920929,0.10000000149011612,6.5595879554748535,0.2129002809524536,3.5763896584510797
346,Stress,0.6502567291259767,0.0800000011920929,0.10000000149011612,6.547709941864014,0.23802876472473145,3.558973085880279
347,Stress,0.6546064853668213,0.0800000011920929,0.10000000149011612,6.536750793457031,0.2699796259403229,3.5415740609169
348,Stress,0.6589519023895264,0.0800000011920929,0.10000000149011612,6.528073787689209,0.2447374314069748,3.52419239282608
349,Stress,0.6619750499725342,0.0800000011920929,0.10000000149011612,6.519603252410889,0.203462153673172,3.5120998024940486
350,Stress,0.666313123703003,0.0800000011920929,0.10000000149011612,6.509304046630859,0.2816786766052246,3.4947475075721735
351,Stress,0.6706468582153321,0.0800000011920929,0.10000000149011612,6.501837730407715,0.21835851669311523,3.477412569522857
352,Stress,0.6749762535095215,0.0800000011920929,0.10000000149011612,6.492155075073242,0.2302573025226593,3.4600949883460994
353,Stress,0.6793013095855713,0.0800000011920929,0.10000000149011612,6.4817399978637695,0.23308804631233215,3.4427947640419
354,Stress,0.6836220264434815,0.0800000011920929,0.10000000149011612,6.470933437347412,0.23922944068908691,3.4255118966102596
355,Stress,0.6879384517669678,0.0800000011920929,0.10000000149011612,6.463293552398682,0.2531379163265228,3.4082461953163143
356,Stress,0.6908746242523194,0.0800000011920929,0.10000000149011612,6.4538893699646,0.24642005562782288,3.396501505374908
357,Stress,0.69380202293396,0.0800000011920929,0.10000000149011612,6.444253921508789,0.2208322435617447,3.3847919106483455
358,Stress,0.6967206001281738,0.0800000011920929,0.10000000149011612,6.431225776672363,0.25252237915992737,3.37311760187149
359,Stress,0.7010239124298097,0.0800000011920929,0.10000000149011612,6.419467449188232,0.21407601237297058,3.355904352664947
360,Stress,0.7053229331970216,0.0800000011920929,0.10000000149011612,6.408536434173584,0.26438310742378235,3.3387082695960992
361,Stress,0.7096176147460938,0.0800000011920929,0.10000000149011612,6.39735746383667,0.24200411140918732,3.3215295433998104
362,Stress,0.7139080047607422,0.0800000011920929,0.10000000149011612,6.386861801147461,0.24915382266044617,3.3043679833412165
363,Stress,0.7181941032409669,0.0800000011920929,0.10000000149011612,6.378305912017822,0.22041770815849304,3.287223589420318
364,Stress,0.7224759578704835,0.0800000011920929,0.10000000149011612,6.3684587478637695,0.1914229691028595,3.2700961709022516
365,Stress,0.7267535209655762,0.0800000011920929,0.10000000149011612,6.357663154602051,0.23721098899841309,3.2529859185218806
366,Stress,0.7310267925262451,0.0800000011920929,0.10000000149011612,6.346474647521973,0.24385538697242737,3.235892832279205
367,Stress,0.7338336944580078,0.0800000011920929,0.10000000149011612,6.337328910827637,0.19487184286117554,3.224665224552154
368,Stress,0.7380999088287354,0.0800000011920929,0.10000000149011612,6.327733993530273,0.21269917488098145,3.2076003670692437
369,Stress,0.7423618316650391,0.0800000011920929,0.10000000149011612,6.317611217498779,0.24649778008460999,3.190552675724029
370,Stress,0.7466195106506348,0.0800000011920929,0.10000000149011612,6.306340217590332,0.2603638172149658,3.173521959781646
371,Stress,0.7508728981018067,0.0800000011920929,0.10000000149011612,6.295535087585449,0.23924541473388672,3.1565084099769587
372,Stress,0.7551220417022706,0.0800000011920929,0.10000000149011612,6.2853007316589355,0.19679269194602966,3.139511835575103
373,Stress,0.7593669414520264,0.0800000011920929,0.10000000149011612,6.275629997253418,0.22784525156021118,3.1225322365760797
374,Stress,0.7636075973510743,0.0800000011920929,0.10000000149011612,6.265890121459961,0.24179157614707947,3.105569612979888
375,Stress,0.7678440093994141,0.0800000011920929,0.10000000149011612,6.256645202636719,0.21464413404464722,3.088623964786529
376,Stress,0.7720761775970459,0.0800000011920929,0.10000000149011612,6.247462272644043,0.2022256702184677,3.0716952919960017
377,Stress,0.7763041496276856,0.0800000011920929,0.10000000149011612,6.2407426834106445,0.21261964738368988,3.054783403873443
378,Stress,0.7805278778076172,0.0800000011920929,0.10000000149011612,6.231815814971924,0.22280199825763702,3.0378884911537165
379,Stress,0.7847473621368408,0.0800000011920929,0.10000000149011612,6.223282814025879,0.21597279608249664,3.021010553836822
380,Stress,0.7889626502990723,0.0800000011920929,0.10000000149011612,6.211858749389648,0.2191791832447052,3.004149401187896
381,Stress,0.7931736946105957,0.0800000011920929,0.10000000149011612,6.202215671539307,0.2224336862564087,2.9873052239418025
382,Stress,0.797380542755127,0.0800000011920929,0.10000000149011612,6.192082405090332,0.2485249638557434,2.9704778313636773
383,Stress,0.801583194732666,0.0800000011920929,0.10000000149011612,6.184022426605225,0.1931229680776596,2.9536672234535213
384,Stress,0.8057816505432129,0.0800000011920929,0.10000000149011612,6.174983978271484,0.24521052837371826,2.9368734002113337
385,Stress,0.8099759101867676,0.0800000011920929,0.10000000149011612,6.163512229919434,0.22882002592086792,2.920096361637115
386,Stress,0.8141659736633301,0.0800000011920929,0.10000000149011612,6.154250144958496,0.21811623871326447,2.903336107730865
387,Stress,0.8167234420776368,0.0800000011920929,0.10000000149011612,6.143830299377441,0.23389984667301178,2.893106234073638
388,Stress,0.8192732810974122,0.0800000011920929,0.10000000149011612,6.133229732513428,0.2701152563095093,2.882906877994537
389,Stress,0.8218154907226562,0.0800000011920929,0.10000000149011612,6.122194290161133,0.21330149471759796,2.8727380394935604
390,Stress,0.8243500709533692,0.0800000011920929,0.10000000149011612,6.110404014587402,0.2204979956150055,2.8625997185707086
391,Stress,0.8268770217895508,0.0800000011920929,0.10000000149011612,6.0992631912231445,0.23448775708675385,2.852491915225982
392,Stress,0.8293964385986329,0.0800000011920929,0.10000000149011612,6.086585998535156,0.2541411519050598,2.842414247989654
393,Stress,0.8319082260131836,0.0800000011920929,0.10000000149011612,6.074927806854248,0.2659652829170227,2.832367098331451
394,Stress,0.8344124794006348,0.0800000011920929,0.10000000149011612,6.0665106773376465,0.2647008001804352,2.8223500847816463
395,Stress,0.8369091987609864,0.0800000011920929,0.10000000149011612,6.059652805328369,0.24038532376289368,2.81236320734024
396,Stress,0.83939847946167,0.0800000011920929,0.10000000149011612,6.054912567138672,0.2480287402868271,2.8024060845375054
397,Stress,0.8418803215026855,0.0800000011920929,0.10000000149011612,6.051825523376465,0.204803466796875,2.7924787163734432
398,Stress,0.8443547248840333,0.0800000011920929,0.10000000149011612,6.050539493560791,0.2039877474308014,2.7825811028480523
399,Stress,0.8468216896057129,0.0800000011920929,0.10000000149011612,6.048712730407715,0.24039506912231445,2.772713243961334
400,Recovery,0.8492812156677246,0.0800000011920929,0.10000000149011612,6.047740936279297,0.2132216840982437,2.762875139713287
401,Recovery,0.8534319877624512,0.0800000011920929,0.10000000149011612,6.046789169311523,0.06530311703681946,2.7462720513343806
402,Recovery,0.8558716773986816,0.0800000011920929,0.10000000149011612,6.045858383178711,0.06110107898712158,2.736513292789459
403,Recovery,0.8583040237426758,0.0800000011920929,0.10000000149011612,6.045302867889404,0.05790858715772629,2.7267839074134823
404,Recovery,0.8607291221618653,0.0800000011920929,0.10000000149011612,6.044381141662598,0.05929544195532799,2.7170835137367244
405,Recovery,0.8631469726562501,0.0800000011920929,0.10000000149011612,6.044898986816406,0.058929119259119034,2.707412111759185
406,Recovery,0.8655575752258301,0.0800000011920929,0.10000000149011612,6.045416355133057,0.05914612114429474,2.697769701480865
407,Recovery,0.8679609298706055,0.0800000011920929,0.10000000149011612,6.045927047729492,0.060236856341362,2.6881562829017636
408,Recovery,0.8703570365905762,0.0800000011920929,0.10000000149011612,6.0471367835998535,0.06439865380525589,2.6785718560218807
409,Recovery,0.8727459907531738,0.0800000011920929,0.10000000149011612,6.046209812164307,0.060291703790426254,2.66901603937149
410,Recovery,0.8751277923583984,0.0800000011920929,0.10000000149011612,6.044254779815674,0.05041652172803879,2.6594888329505917
411,Recovery,0.87750244140625,0.0800000011920929,0.10000000149011612,6.043376922607422,0.0505543127655983,2.6499902367591854
412,Recovery,0.8798699378967285,0.0800000011920929,0.10000000149011612,6.041781425476074,0.05037161707878113,2.6405202507972714
413,Recovery,0.882230281829834,0.0800000011920929,0.10000000149011612,6.040533065795898,0.052689358592033386,2.6310788750648495
414,Recovery,0.8845835685729981,0.0800000011920929,0.10000000149011612,6.0406928062438965,0.05867788940668106,2.621665728092193
415,Recovery,0.8869297981262207,0.0800000011920929,0.10000000149011612,6.041200637817383,0.060991376638412476,2.6122808098793024
416,Recovery,0.889268970489502,0.0800000011920929,0.10000000149011612,6.041330814361572,0.06443220376968384,2.6029241204261773
417,Recovery,0.8916011810302735,0.0800000011920929,0.10000000149011612,6.038222312927246,0.06561914086341858,2.5935952782630913
418,Recovery,0.8939263343811036,0.0800000011920929,0.10000000149011612,6.034041404724121,0.06411226093769073,2.584294664859771
419,Recovery,0.8962445259094238,0.0800000011920929,0.10000000149011612,6.02949857711792,0.06483090668916702,2.57502189874649
420,Recovery,0.8985557556152344,0.0800000011920929,0.10000000149011612,6.025672435760498,0.06537465006113052,2.565776979923248
421,Recovery,0.9008601188659668,0.0800000011920929,0.10000000149011612,6.020775318145752,0.06380590796470642,2.556559526920318
422,Recovery,0.9049592971801759,0.0800000011920929,0.10000000149011612,6.015181064605713,0.05941033735871315,2.540162813663482
423,Recovery,0.9090543746948243,0.0800000011920929,0.10000000149011612,6.0106520652771,0.062024831771850586,2.523782503604888
424,Recovery,0.9131453514099122,0.0800000011920929,0.10000000149011612,6.006837368011475,0.06292165815830231,2.507418596744537
425,Recovery,0.9172322273254395,0.0800000011920929,0.10000000149011612,6.003028392791748,0.061706628650426865,2.4910710930824274
426,Recovery,0.9194805145263673,0.0800000011920929,0.10000000149011612,5.999237537384033,0.05815468728542328,2.4820779442787164
427,Recovery,0.9217220306396485,0.0800000011920929,0.10000000149011612,5.9954657554626465,0.05428008362650871,2.4731118798255913
428,Recovery,0.9239568710327148,0.0800000011920929,0.10000000149011612,5.992430686950684,0.05092155933380127,2.464172518253326
429,Recovery,0.9261850357055664,0.0800000011920929,0.10000000149011612,5.990482330322266,0.048944298177957535,2.4552598595619197
430,Recovery,0.9284065246582032,0.0800000011920929,0.10000000149011612,5.990347385406494,0.04575085639953613,2.4463739037513728
431,Recovery,0.9306213378906251,0.0800000011920929,0.10000000149011612,5.989871978759766,0.04198356345295906,2.437514650821685
432,Recovery,0.9328294754028321,0.0800000011920929,0.10000000149011612,5.990468978881836,0.043063193559646606,2.428682100772857
433,Recovery,0.9368967056274414,0.0800000011920929,0.10000000149011612,5.9917893409729,0.04218092933297157,2.4124131798744197
434,Recovery,0.9409598350524903,0.0800000011920929,0.10000000149011612,5.992360591888428,0.048182543367147446,2.3961606621742244
435,Recovery,0.9450188636779786,0.0800000011920929,0.10000000149011612,5.991868019104004,0.04549042508006096,2.379924547672271
436,Recovery,0.949073886871338,0.0800000011920929,0.10000000149011612,5.992456436157227,0.044656671583652496,2.3637044548988335
437,Recovery,0.9531248092651368,0.0800000011920929,0.10000000149011612,5.994106769561768,0.04809549078345299,2.3475007653236384
438,Recovery,0.9552654266357422,0.0800000011920929,0.10000000149011612,5.997188568115234,0.04922224208712578,2.3389382958412166
439,Recovery,0.9573996543884278,0.0800000011920929,0.10000000149011612,5.999552249908447,0.04921811819076538,2.3304013848304743
440,Recovery,0.9595274925231934,0.0800000011920929,0.10000000149011612,6.001539707183838,0.05241543427109718,2.321890032291412
441,Recovery,0.9616489410400391,0.0800000011920929,0.10000000149011612,6.004944324493408,0.056681737303733826,2.313404238224029
442,Recovery,0.9637639999389649,0.0800000011920929,0.10000000149011612,6.0080389976501465,0.04664527624845505,2.304944002628326
443,Recovery,0.9658726692199707,0.0800000011920929,0.10000000149011612,6.0111589431762695,0.041597504168748856,2.2965093255043025
444,Recovery,0.9679750442504883,0.0800000011920929,0.10000000149011612,6.013570785522461,0.039391279220581055,2.288099825382232
445,Recovery,0.9700711250305176,0.0800000011920929,0.10000000149011612,6.015974521636963,0.041142627596855164,2.279715502262115
446,Recovery,0.9721609115600587,0.0800000011920929,0.10000000149011612,6.017996788024902,0.04564227908849716,2.2713563561439507
447,Recovery,0.9742444038391114,0.0800000011920929,0.10000000149011612,6.020007133483887,0.047848179936409,2.26302238702774
448,Recovery,0.9763216972351074,0.0800000011920929,0.10000000149011612,6.02165412902832,0.048606231808662415,2.2547132134437557
449,Recovery,0.9783926963806153,0.0800000011920929,0.10000000149011612,6.02294921875,0.04724276810884476,2.246429216861724
450,Recovery,0.9804574966430665,0.0800000011920929,0.10000000149011612,6.024253845214844,0.04531548544764519,2.2381700158119195
451,Recovery,0.982516098022461,0.0800000011920929,0.10000000149011612,6.024500370025635,0.041261039674282074,2.2299356102943415
452,Recovery,0.9865336418151855,0.0800000011920929,0.10000000149011612,6.024037837982178,0.03948356211185455,2.2138654351234432
453,Recovery,0.9905471801757812,0.0800000011920929,0.10000000149011612,6.022850036621094,0.04066375270485878,2.1978112816810604
454,Recovery,0.9945566177368165,0.0800000011920929,0.10000000149011612,6.0220160484313965,0.04183916747570038,2.1817735314369195
455,Recovery,0.9985620498657227,0.0800000011920929,0.10000000149011612,6.020810604095459,0.04414527118206024,2.1657518029212945
456,Recovery,1.0,0.0800000011920929,0.10000000149011612,6.018137454986572,0.05026482418179512,2.1600000023841854
457,Recovery,1.0,0.0800000011920929,0.10000000149011612,6.016876220703125,0.05538054183125496,2.1600000023841854
458,Recovery,1.0,0.0800000011920929,0.10000000149011612,6.015603065490723,0.057809725403785706,2.1600000023841854
459,Recovery,1.0,0.0800000011920929,0.10000000149011612,6.014303207397461,0.06283862888813019,2.1600000023841854
460,Recovery,1.0,0.0800000011920929,0.10000000149011612,6.012640476226807,0.06380961835384369,2.1600000023841854
461,Recovery,1.0,0.0800000011920929,0.10000000149011612,6.011343002319336,0.06269851326942444,2.1600000023841854
462,Recovery,1.0,0.0800000011920929,0.10000000149011612,6.010382652282715,0.06701751798391342,2.1600000023841854
463,Recovery,1.0,0.0800000011920929,0.10000000149011612,6.009032249450684,0.07325533032417297,2.1600000023841854
464,Recovery,1.0,0.0800000011920929,0.10000000149011612,6.006932258605957,0.07936716824769974,2.1600000023841854
465,Recovery,1.0,0.0800000011920929,0.10000000149011612,6.0051655769348145,0.08462915569543839,2.1600000023841854
466,Recovery,1.0,0.0800000011920929,0.10000000149011612,6.002664089202881,0.08766595274209976,2.1600000023841854
467,Recovery,1.0,0.0800000011920929,0.10000000149011612,6.000871181488037,0.08990693092346191,2.1600000023841854
468,Recovery,1.0,0.0800000011920929,0.10000000149011612,5.99658727645874,0.08494611084461212,2.1600000023841854
469,Recovery,1.0,0.0800000011920929,0.10000000149011612,5.992313385009766,0.08268992602825165,2.1600000023841854
470,Recovery,1.0,0.0800000011920929,0.10000000149011612,5.987676620483398,0.08375053852796555,2.1600000023841854
471,Recovery,1.0,0.0800000011920929,0.10000000149011612,5.984127998352051,0.08151067793369293,2.1600000023841854
472,Recovery,1.0,0.0800000011920929,0.10000000149011612,5.981703281402588,0.07252548635005951,2.1600000023841854
473,Recovery,1.0,0.0800000011920929,0.10000000149011612,5.979644775390625,0.07100065052509308,2.1600000023841854
474,Recovery,1.0,0.0800000011920929,0.10000000149011612,5.977217674255371,0.07285675406455994,2.1600000023841854
475,Recovery,1.0,0.0800000011920929,0.10000000149011612,5.975130081176758,0.07694758474826813,2.1600000023841854
476,Recovery,1.0,0.0800000011920929,0.10000000149011612,5.973011493682861,0.08306767791509628,2.1600000023841854
477,Recovery,1.0,0.0800000011920929,0.10000000149011612,5.970180034637451,0.08193496614694595,2.1600000023841854
478,Recovery,1.0,0.0800000011920929,0.10000000149011612,5.968475341796875,0.07223882526159286,2.1600000023841854
479,Recovery,1.0,0.0800000011920929,0.10000000149011612,5.966480731964111,0.05821656435728073,2.1600000023841854
480,Recovery,1.0,0.0800000011920929,0.10000000149011612,5.9623613357543945,0.05200566351413727,2.1600000023841854
481,Recovery,1.0,0.0800000011920929,0.10000000149011612,5.9567952156066895,0.05387347936630249,2.1600000023841854
482,Recovery,1.0,0.0800000011920929,0.10000000149011612,5.952651023864746,0.056921862065792084,2.1600000023841854
483,Recovery,1.0,0.0800000011920929,0.10000000149011612,5.9495768547058105,0.05858679488301277,2.1600000023841854
484,Recovery,1.0,0.0800000011920929,0.10000000149011612,5.946882724761963,0.05436583608388901,2.1600000023841854
485,Recovery,1.0,0.0800000011920929,0.10000000149011612,5.944899559020996,0.05595552921295166,2.1600000023841854
486,Recovery,1.0,0.0800000011920929,0.10000000149011612,5.941841125488281,0.055549561977386475,2.1600000023841854
487,Recovery,1.0,0.0800000011920929,0.10000000149011612,5.938040256500244,0.060048967599868774,2.1600000023841854
488,Recovery,1.0,0.0800000011920929,0.10000000149011612,5.933518409729004,0.060683391988277435,2.1600000023841854
489,Recovery,1.0,0.0800000011920929,0.10000000149011612,5.928291320800781,0.05792032927274704,2.1600000023841854
490,Recovery,1.0,0.0800000011920929,0.10000000149011612,5.924155235290527,0.055379532277584076,2.1600000023841854
491,Recovery,1.0,0.0800000011920929,0.10000000149011612,5.92108678817749,0.057388633489608765,2.1600000023841854
492,Recovery,1.0,0.0800000011920929,0.10000000149011612,5.920175552368164,0.057227615267038345,2.1600000023841854
493,Recovery,1.0,0.0800000011920929,0.10000000149011612,5.918933391571045,0.05147318169474602,2.1600000023841854
494,Recovery,1.0,0.0800000011920929,0.10000000149011612,5.9159064292907715,0.04920739307999611,2.1600000023841854
495,Recovery,1.0,0.0800000011920929,0.10000000149011612,5.912868976593018,0.051152974367141724,2.1600000023841854
496,Recovery,1.0,0.0800000011920929,0.10000000149011612,5.910913467407227,0.05055053159594536,2.1600000023841854
497,Recovery,1.0,0.0800000011920929,0.10000000149011612,5.910400390625,0.049396343529224396,2.1600000023841854
498,Recovery,1.0,0.0800000011920929,0.10000000149011612,5.910253524780273,0.04811912402510643,2.1600000023841854
499,Recovery,1.0,0.0800000011920929,0.10000000149011612,5.9090375900268555,0.04632279649376869,2.1600000023841854
500,Recovery,1.0,0.0800000011920929,0.10000000149011612,5.907115459442139,0.043762948364019394,2.1600000023841854
501,Recovery,1.0,0.0800000011920929,0.10000000149011612,5.905904769897461,0.045278485864400864,2.1600000023841854
502,Recovery,1.0,0.0800000011920929,0.10000000149011612,5.905055046081543,0.0449884869158268,2.1600000023841854
503,Recovery,1.0,0.0800000011920929,0.10000000149011612,5.904201984405518,0.04548123478889465,2.1600000023841854
504,Recovery,1.0,0.0800000011920929,0.10000000149011612,5.903732776641846,0.04076781123876572,2.1600000023841854
505,Recovery,1.0,0.0800000011920929,0.10000000149011612,5.903628349304199,0.03963428735733032,2.1600000023841854
506,Recovery,1.0,0.0800000011920929,0.10000000149011612,5.903164386749268,0.039574913680553436,2.1600000023841854
507,Recovery,1.0,0.0800000011920929,0.10000000149011612,5.90162467956543,0.039285559207201004,2.1600000023841854
508,Recovery,1.0,0.0800000011920929,0.10000000149011612,5.899720191955566,0.04015110433101654,2.1600000023841854
509,Recovery,1.0,0.0800000011920929,0.10000000149011612,5.897806167602539,0.04234377667307854,2.1600000023841854
510,Recovery,1.0,0.0800000011920929,0.10000000149011612,5.896606922149658,0.04286496341228485,2.1600000023841854
511,Recovery,1.0,0.0800000011920929,0.10000000149011612,5.8961262702941895,0.0430741012096405,2.1600000023841854
512,Recovery,1.0,0.0800000011920929,0.10000000149011612,5.897083282470703,0.042816322296857834,2.1600000023841854
513,Recovery,1.0,0.0800000011920929,0.10000000149011612,5.896955966949463,0.04418963938951492,2.1600000023841854
514,Recovery,1.0,0.0800000011920929,0.10000000149011612,5.8968505859375,0.03980930522084236,2.1600000023841854
515,Recovery,1.0,0.0800000011920929,0.10000000149011612,5.896403789520264,0.03624642640352249,2.1600000023841854
516,Recovery,1.0,0.0800000011920929,0.10000000149011612,5.897401809692383,0.034698136150836945,2.1600000023841854
517,Recovery,1.0,0.0800000011920929,0.10000000149011612,5.8976922035217285,0.032598596066236496,2.1600000023841854
518,Recovery,1.0,0.0800000011920929,0.10000000149011612,5.896541118621826,0.03330045938491821,2.1600000023841854
519,Recovery,1.0,0.0800000011920929,0.10000000149011612,5.895740509033203,0.035132937133312225,2.1600000023841854
520,Recovery,1.0,0.0800000011920929,0.10000000149011612,5.894928455352783,0.03729083016514778,2.1600000023841854
521,Recovery,1.0,0.0800000011920929,0.10000000149011612,5.894464015960693,0.039862632751464844,2.1600000023841854
522,Recovery,1.0,0.0800000011920929,0.10000000149011612,5.89471435546875,0.04047343134880066,2.1600000023841854
523,Recovery,1.0,0.0800000011920929,0.10000000149011612,5.893881320953369,0.04169875383377075,2.1600000023841854
524,Recovery,1.0,0.0800000011920929,0.10000000149011612,5.89126443862915,0.038872454315423965,2.1600000023841854
525,Recovery,1.0,0.0800000011920929,0.10000000149011612,5.888629913330078,0.04264625906944275,2.1600000023841854
526,Recovery,1.0,0.0800000011920929,0.10000000149011612,5.885258674621582,0.046058423817157745,2.1600000023841854
527,Recovery,1.0,0.0800000011920929,0.10000000149011612,5.8825860023498535,0.05015317350625992,2.1600000023841854
528,Recovery,1.0,0.0800000011920929,0.10000000149011612,5.880976676940918,0.0530778206884861,2.1600000023841854
529,Recovery,1.0,0.0800000011920929,0.10000000149011612,5.879715919494629,0.05528435483574867,2.1600000023841854
530,Recovery,1.0,0.0800000011920929,0.10000000149011612,5.878439426422119,0.05839649215340614,2.1600000023841854
531,Recovery,1.0,0.0800000011920929,0.10000000149011612,5.877151966094971,0.06063992157578468,2.1600000023841854
532,Recovery,1.0,0.0800000011920929,0.10000000149011612,5.875514507293701,0.05868688225746155,2.1600000023841854
533,Recovery,1.0,0.0800000011920929,0.10000000149011612,5.875300884246826,0.061554402112960815,2.1600000023841854
534,Recovery,1.0,0.0800000011920929,0.10000000149011612,5.875802040100098,0.062223974615335464,2.1600000023841854
535,Recovery,1.0,0.0800000011920929,0.10000000149011612,5.877023220062256,0.061912424862384796,2.1600000023841854
536,Recovery,1.0,0.0800000011920929,0.10000000149011612,5.877889633178711,0.06105400621891022,2.1600000023841854
537,Recovery,1.0,0.0800000011920929,0.10000000149011612,5.879127025604248,0.05878136307001114,2.1600000023841854
538,Recovery,1.0,0.0800000011920929,0.10000000149011612,5.8821611404418945,0.05895429849624634,2.1600000023841854
539,Recovery,1.0,0.0800000011920929,0.10000000149011612,5.884867191314697,0.05247902870178223,2.1600000023841854
540,Recovery,1.0,0.0800000011920929,0.10000000149011612,5.887589454650879,0.0492313914000988,2.1600000023841854
541,Recovery,1.0,0.0800000011920929,0.10000000149011612,5.888157367706299,0.04892797768115997,2.1600000023841854
542,Recovery,1.0,0.0800000011920929,0.10000000149011612,5.888714790344238,0.050977881997823715,2.1600000023841854
543,Recovery,1.0,0.0800000011920929,0.10000000149011612,5.891046524047852,0.0555189773440361,2.1600000023841854
544,Recovery,1.0,0.0800000011920929,0.10000000149011612,5.892320156097412,0.051551152020692825,2.1600000023841854
545,Recovery,1.0,0.0800000011920929,0.10000000149011612,5.894318103790283,0.05030256509780884,2.1600000023841854
546,Recovery,1.0,0.0800000011920929,0.10000000149011612,5.893457412719727,0.04705967754125595,2.1600000023841854
547,Recovery,1.0,0.0800000011920929,0.10000000149011612,5.892204761505127,0.05367550998926163,2.1600000023841854
548,Recovery,1.0,0.0800000011920929,0.10000000149011612,5.890562534332275,0.05979755520820618,2.1600000023841854
549,Recovery,1.0,0.0800000011920929,0.10000000149011612,5.887469291687012,0.06236720457673073,2.1600000023841854
550,Recovery,1.0,0.0800000011920929,0.10000000149011612,5.885753154754639,0.07442808896303177,2.1600000023841854
551,Recovery,1.0,0.0800000011920929,0.10000000149011612,5.884352684020996,0.08323488384485245,2.1600000023841854
552,Recovery,1.0,0.0800000011920929,0.10000000149011612,5.882925033569336,0.0886843353509903,2.1600000023841854
553,Recovery,1.0,0.0800000011920929,0.10000000149011612,5.882215976715088,0.08860529214143753,2.1600000023841854
554,Recovery,1.0,0.0800000011920929,0.10000000149011612,5.880781173706055,0.09005460143089294,2.1600000023841854
555,Recovery,1.0,0.0800000011920929,0.10000000149011612,5.879688262939453,0.09359145909547806,2.1600000023841854
556,Recovery,1.0,0.0800000011920929,0.10000000149011612,5.879286766052246,0.0991687923669815,2.1600000023841854
557,Recovery,1.0,0.0800000011920929,0.10000000149011612,5.879631996154785,0.09337551146745682,2.1600000023841854
558,Recovery,1.0,0.0800000011920929,0.10000000149011612,5.880383014678955,0.08407435566186905,2.1600000023841854
559,Recovery,1.0,0.0800000011920929,0.10000000149011612,5.8818864822387695,0.07741648703813553,2.1600000023841854
560,Recovery,1.0,0.0800000011920929,0.10000000149011612,5.884130001068115,0.0732237920165062,2.1600000023841854
561,Recovery,1.0,0.0800000011920929,0.10000000149011612,5.885678768157959,0.06842006742954254,2.1600000023841854
562,Recovery,1.0,0.0800000011920929,0.10000000149011612,5.886906147003174,0.060641810297966,2.1600000023841854
563,Recovery,1.0,0.0800000011920929,0.10000000149011612,5.887077808380127,0.05622493475675583,2.1600000023841854
564,Recovery,1.0,0.0800000011920929,0.10000000149011612,5.886493682861328,0.06375325471162796,2.1600000023841854
565,Recovery,1.0,0.0800000011920929,0.10000000149011612,5.886228561401367,0.07183168828487396,2.1600000023841854
566,Recovery,1.0,0.0800000011920929,0.10000000149011612,5.886656761169434,0.07682722806930542,2.1600000023841854
567,Recovery,1.0,0.0800000011920929,0.10000000149011612,5.887808322906494,0.07587875425815582,2.1600000023841854
568,Recovery,1.0,0.0800000011920929,0.10000000149011612,5.887562274932861,0.06798464804887772,2.1600000023841854
569,Recovery,1.0,0.0800000011920929,0.10000000149011612,5.887321949005127,0.066739022731781,2.1600000023841854
570,Recovery,1.0,0.0800000011920929,0.10000000149011612,5.888189315795898,0.060914263129234314,2.1600000023841854
571,Recovery,1.0,0.0800000011920929,0.10000000149011612,5.888004302978516,0.05557557940483093,2.1600000023841854
572,Recovery,1.0,0.0800000011920929,0.10000000149011612,5.887438774108887,0.06011247634887695,2.1600000023841854
573,Recovery,1.0,0.0800000011920929,0.10000000149011612,5.886845588684082,0.06544894725084305,2.1600000023841854
574,Recovery,1.0,0.0800000011920929,0.10000000149011612,5.885897159576416,0.06465229392051697,2.1600000023841854
575,Recovery,1.0,0.0800000011920929,0.10000000149011612,5.885678291320801,0.06256237626075745,2.1600000023841854
576,Recovery,1.0,0.0800000011920929,0.10000000149011612,5.885465145111084,0.06146220490336418,2.1600000023841854
577,Recovery,1.0,0.0800000011920929,0.10000000149011612,5.884523391723633,0.06320944428443909,2.1600000023841854
578,Recovery,1.0,0.0800000011920929,0.10000000149011612,5.882853984832764,0.06517353653907776,2.1600000023841854
579,Recovery,1.0,0.0800000011920929,0.10000000149011612,5.880483627319336,0.06157280132174492,2.1600000023841854
580,Recovery,1.0,0.0800000011920929,0.10000000149011612,5.878510475158691,0.05390113964676857,2.1600000023841854
581,Recovery,1.0,0.0800000011920929,0.10000000149011612,5.876920223236084,0.04943632706999779,2.1600000023841854
582,Recovery,1.0,0.0800000011920929,0.10000000149011612,5.874960899353027,0.051212962716817856,2.1600000023841854
583,Recovery,1.0,0.0800000011920929,0.10000000149011612,5.872260570526123,0.055624302476644516,2.1600000023841854
584,Recovery,1.0,0.0800000011920929,0.10000000149011612,5.870232582092285,0.0648796483874321,2.1600000023841854
585,Recovery,1.0,0.0800000011920929,0.10000000149011612,5.868907928466797,0.06804827600717545,2.1600000023841854
586,Recovery,1.0,0.0800000011920929,0.10000000149011612,5.867925643920898,0.07146590948104858,2.1600000023841854
587,Recovery,1.0,0.0800000011920929,0.10000000149011612,5.866574764251709,0.07333897799253464,2.1600000023841854
588,Recovery,1.0,0.0800000011920929,0.10000000149011612,5.865943908691406,0.07302539795637131,2.1600000023841854
589,Recovery,1.0,0.0800000011920929,0.10000000149011612,5.865294456481934,0.07669137418270111,2.1600000023841854
590,Recovery,1.0,0.0800000011920929,0.10000000149011612,5.8642754554748535,0.07878345251083374,2.1600000023841854
591,Recovery,1.0,0.0800000011920929,0.10000000149011612,5.861818313598633,0.07908020913600922,2.1600000023841854
592,Recovery,1.0,0.0800000011920929,0.10000000149011612,5.8589959144592285,0.07998146116733551,2.1600000023841854
593,Recovery,1.0,0.0800000011920929,0.10000000149011612,5.855801582336426,0.08263465762138367,2.1600000023841854
594,Recovery,1.0,0.0800000011920929,0.10000000149011612,5.852597236633301,0.08456116914749146,2.1600000023841854
595,Recovery,1.0,0.0800000011920929,0.10000000149011612,5.850469589233398,0.08491773158311844,2.1600000023841854
596,Recovery,1.0,0.0800000011920929,0.10000000149011612,5.849428176879883,0.08324609696865082,2.1600000023841854
597,Recovery,1.0,0.0800000011920929,0.10000000149011612,5.849140644073486,0.07616092264652252,2.1600000023841854
598,Recovery,1.0,0.0800000011920929,0.10000000149011612,5.84890079498291,0.06690800189971924,2.1600000023841854
599,Recovery,1.0,0.0800000011920929,0.10000000149011612,5.849400043487549,0.06252475082874298,2.1600000023841854
