Step,MeanMyelination,MaxMyelination
0,1.0,1.0
1,1.0,1.0
2,1.0,1.0
3,1.0,1.0
4,1.0,1.0
5,1.0,1.0
6,1.0,1.0
7,1.0,1.0
8,1.0,1.0
9,1.0,1.0
10,1.0,1.0
11,1.0,1.0
12,1.0,1.0
13,1.0,1.0
14,1.0,1.0
15,1.0,1.0
16,1.0,1.0
17,1.0,1.0
18,1.0,1.0
19,1.0,1.0
20,1.0,1.0
21,1.0,1.0
22,1.0,1.0
23,1.0,1.0
24,1.0,1.0
25,1.0,1.0
26,1.0,1.0
27,1.0,1.0
28,1.0,1.0
29,1.0,1.0
30,1.0,1.0
31,1.0,1.0
32,1.0,1.0
33,1.0,1.0
34,1.0,1.0
35,1.0,1.0
36,1.0,1.0
37,1.0,1.0
38,1.0,1.0
39,1.0,1.0
40,1.0,1.0
41,1.0,1.0
42,1.0,1.0
43,1.0,1.0
44,1.0,1.0
45,1.0,1.0
46,1.0,1.0
47,1.0,1.0
48,1.0,1.0
49,1.0,1.0
50,1.0,1.0
51,1.0,1.0
52,1.0,1.0
53,1.0,1.0
54,1.0,1.0
55,1.0,1.0
56,1.0,1.0
57,1.0,1.0
58,1.0,1.0
59,1.0,1.0
60,1.0,1.0
61,1.0,1.0
62,1.0,1.0
63,1.0,1.0
64,1.0,1.0
65,1.0,1.0
66,1.0,1.0
67,1.0,1.0
68,1.0,1.0
69,1.0,1.0
70,1.0,1.0
71,1.0,1.0
72,1.0,1.0
73,1.0,1.0
74,1.0,1.0
75,1.0,1.0
76,1.0,1.0
77,1.0,1.0
78,1.0,1.0
79,1.0,1.0
80,1.0,1.0
81,1.0,1.0
82,1.0,1.0
83,1.0,1.0
84,1.0,1.0
85,1.0,1.0
86,1.0,1.0
87,1.0,1.0
88,1.0,1.0
89,1.0,1.0
90,1.0,1.0
91,1.0,1.0
92,1.0,1.0
93,1.0,1.0
94,1.0,1.0
95,1.0,1.0
96,1.0,1.0
97,1.0,1.0
98,1.0,1.0
99,1.0,1.0
100,1.0,1.0
101,1.0,1.0
102,1.0,1.0
103,1.0,1.0
104,1.0,1.0
105,1.0,1.0
106,1.0,1.0
107,1.0,1.0
108,1.0,1.0
109,1.0,1.0
110,1.0,1.0
111,1.0,1.0
112,1.0,1.0
113,1.0,1.0
114,1.0,1.0
115,1.0,1.0
116,1.0,1.0
117,1.0,1.0
118,1.0,1.0
119,1.0,1.0
120,1.0,1.0
121,1.0,1.0
122,1.0,1.0
123,1.0,1.0
124,1.0,1.0
125,1.0,1.0
126,1.0,1.0
127,1.0,1.0
128,1.0,1.0
129,1.0,1.0
130,1.0,1.0
131,1.0,1.0
132,1.0,1.0
133,1.0,1.0
134,1.0,1.0
135,1.0,1.0
136,1.0,1.0
137,1.0,1.0
138,1.0,1.0
139,1.0,1.0
140,1.0,1.0
141,1.0,1.0
142,1.0,1.0
143,1.0,1.0
144,1.0,1.0
145,1.0,1.0
146,1.0,1.0
147,1.0,1.0
148,1.0,1.0
149,1.0,1.0
150,1.0,1.0
151,1.0,1.0
152,1.0,1.0
153,1.0,1.0
154,1.0,1.0
155,1.0,1.0
156,1.0,1.0
157,1.0,1.0
158,1.0,1.0
159,1.0,1.0
160,1.0,1.0
161,1.0,1.0
162,1.0,1.0
163,1.0,1.0
164,1.0,1.0
165,1.0,1.0
166,1.0,1.0
167,1.0,1.0
168,1.0,1.0
169,1.0,1.0
170,1.0,1.0
171,1.0,1.0
172,1.0,1.0
173,1.0,1.0
174,1.0,1.0
175,1.0,1.0
176,1.0,1.0
177,1.0,1.0
178,1.0,1.0
179,1.0,1.0
180,1.0,1.0
181,1.0,1.0
182,1.0,1.0
183,1.0,1.0
184,1.0,1.0
185,1.0,1.0
186,1.0,1.0
187,1.0,1.0
188,1.0,1.0
189,1.0,1.0
190,1.0,1.0
191,1.0,1.0
192,1.0,1.0
193,1.0,1.0
194,1.0,1.0
195,1.0,1.0
196,1.0,1.0
197,1.0,1.0
198,1.0,1.0
199,1.0,1.0
200,1.0,1.0
201,1.0,1.0
202,1.0,1.0
203,1.0,1.0
204,1.0,1.0
205,1.0,1.0
206,1.0,1.0
207,1.0,1.0
208,1.0,1.0
209,1.0,1.0
210,1.0,1.0
211,1.0,1.0
212,1.0,1.0
213,1.0,1.0
214,1.0,1.0
215,1.0,1.0
216,1.0,1.0
217,1.0,1.0
218,1.0,1.0
219,1.0,1.0
220,1.0,1.0
221,1.0,1.0
222,1.0,1.0
223,1.0,1.0
224,1.0,1.0
225,1.0,1.0
226,1.0,1.0
227,1.0,1.0
228,1.0,1.0
229,1.0,1.0
230,1.0,1.0
231,1.0,1.0
232,1.0,1.0
233,1.0,1.0
234,1.0,1.0
235,1.0,1.0
236,1.0,1.0
237,1.0,1.0
238,1.0,1.0
239,1.0,1.0
240,1.0,1.0
241,1.0,1.000000238418579
242,1.000000238418579,1.000001311302185
243,1.0000009536743164,1.0000032186508179
244,1.000002145767212,1.0000059604644775
245,1.0000040531158447,1.000009536743164
246,1.0000063180923462,1.0000139474868774
247,1.0000091791152954,1.0000191926956177
248,1.000012755393982,1.0000252723693848
249,1.0000169277191162,1.0000321865081787
250,1.0000219345092773,1.0000399351119995
251,1.0000276565551758,1.0000483989715576
252,1.0000340938568115,1.0000576972961426
253,1.0000413656234741,1.0000678300857544
254,1.000049352645874,1.000078797340393
255,1.0000581741333008,1.0000905990600586
256,1.0000678300857544,1.000103235244751
257,1.0000782012939453,1.0001167058944702
258,1.000089406967163,1.0001310110092163
259,1.0001014471054077,1.0001461505889893
260,1.0001143217086792,1.000162124633789
261,1.0001277923583984,1.0001788139343262
262,1.0001423358917236,1.0001963376998901
263,1.0001574754714966,1.000214695930481
264,1.0001733303070068,1.0002338886260986
265,1.0001901388168335,1.0002539157867432
266,1.000207781791687,1.0002747774124146
267,1.0002261400222778,1.0002964735031128
268,1.000245213508606,1.000319004058838
269,1.00026535987854,1.0003422498703003
270,1.0002861022949219,1.0003663301467896
271,1.0003076791763306,1.0003912448883057
272,1.0003300905227661,1.0004169940948486
273,1.000353217124939,1.0004435777664185
274,1.0003771781921387,1.0004709959030151
275,1.0004020929336548,1.0004992485046387
276,1.0004276037216187,1.0005282163619995
277,1.0004539489746094,1.0005580186843872
278,1.000481128692627,1.0005886554718018
279,1.0005090236663818,1.0006201267242432
280,1.0005378723144531,1.0006524324417114
281,1.0005674362182617,1.000685453414917
282,1.0005978345870972,1.0007193088531494
283,1.000629186630249,1.0007539987564087
284,1.0006611347198486,1.0007895231246948
285,1.000693917274475,1.0008258819580078
286,1.0007274150848389,1.0008630752563477
287,1.000761866569519,1.0009011030197144
288,1.000797152519226,1.000939965248108
289,1.0008330345153809,1.0009796619415283
290,1.0008699893951416,1.0010201930999756
291,1.00090754032135,1.0010615587234497
292,1.000946044921875,1.0011037588119507
293,1.0009852647781372,1.0011467933654785
294,1.0010253190994263,1.0011906623840332
295,1.0010662078857422,1.0012353658676147
296,1.001107931137085,1.0012809038162231
297,1.001150369644165,1.0013272762298584
298,1.0011937618255615,1.0013744831085205
299,1.0012378692626953,1.0014225244522095
300,1.0012826919555664,1.0014714002609253
301,1.0013285875320435,1.001521110534668
302,1.0013751983642578,1.0015716552734375
303,1.001422643661499,1.0016230344772339
304,1.001470923423767,1.0016752481460571
305,1.0015199184417725,1.0017282962799072
306,1.0015697479248047,1.0017821788787842
307,1.0016205310821533,1.001836895942688
308,1.0016719102859497,1.0018924474716187
309,1.0017242431640625,1.0019488334655762
310,1.0017774105072021,1.0020060539245605
311,1.0018314123153687,1.0020642280578613
312,1.001886248588562,1.002123236656189
313,1.0019418001174927,1.0021830797195435
314,1.0019983053207397,1.0022437572479248
315,1.0020555257797241,1.002305269241333
316,1.0021134614944458,1.002367615699768
317,1.0021723508834839,1.00243079662323
318,1.0022320747375488,1.0024948120117188
319,1.002292513847351,1.0025596618652344
320,1.0023536682128906,1.0026253461837769
321,1.0024157762527466,1.0026918649673462
322,1.0024785995483398,1.0027592182159424
323,1.00254225730896,1.0028272867202759
324,1.0026066303253174,1.0028961896896362
325,1.0026718378067017,1.0029659271240234
326,1.0027377605438232,1.003036379814148
327,1.0028043985366821,1.0031076669692993
328,1.0028718709945679,1.003179669380188
329,1.0029401779174805,1.0032525062561035
330,1.0030090808868408,1.0033260583877563
331,1.0030786991119385,1.003400444984436
332,1.003149151802063,1.003475546836853
333,1.0032204389572144,1.0035514831542969
334,1.0032923221588135,1.003628134727478
335,1.0033650398254395,1.003705620765686
336,1.0034384727478027,1.0037838220596313
337,1.0035127401351929,1.0038628578186035
338,1.0035877227783203,1.003942608833313
339,1.003663420677185,1.0040231943130493
340,1.003739833831787,1.004104495048523
341,1.0038169622421265,1.0041865110397339
342,1.0038949251174927,1.0042693614959717
343,1.0039734840393066,1.0043529272079468
344,1.0040528774261475,1.0044372081756592
345,1.004132866859436,1.0045222043991089
346,1.004213571548462,1.004607915878296
347,1.0042952299118042,1.0046943426132202
348,1.0043773651123047,1.0047816038131714
349,1.0044602155685425,1.0048695802688599
350,1.0045437812805176,1.0049582719802856
351,1.0046281814575195,1.0050476789474487
352,1.0047131776809692,1.0051378011703491
353,1.0047990083694458,1.0052286386489868
354,1.0048855543136597,1.0053201913833618
355,1.0049726963043213,1.0054124593734741
356,1.0050605535507202,1.0055054426193237
357,1.0051491260528564,1.0055991411209106
358,1.00523841381073,1.0056935548782349
359,1.0053285360336304,1.0057886838912964
360,1.0054192543029785,1.0058845281600952
361,1.005510687828064,1.005981206893921
362,1.0056028366088867,1.0060786008834839
363,1.0056958198547363,1.0061767101287842
364,1.0057895183563232,1.0062755346298218
365,1.005883812904358,1.0063751935958862
366,1.0059789419174194,1.006475567817688
367,1.0060747861862183,1.006576657295227
368,1.006171464920044,1.006678581237793
369,1.0062686204910278,1.0067812204360962
370,1.0063667297363281,1.0068846940994263
371,1.0064655542373657,1.0069890022277832
372,1.0065652132034302,1.0070940256118774
373,1.0066657066345215,1.0071998834609985
374,1.0067667961120605,1.0073065757751465
375,1.0068687200546265,1.0074139833450317
376,1.0069714784622192,1.0075222253799438
377,1.0070749521255493,1.0076313018798828
378,1.0071791410446167,1.007741093635559
379,1.0072840452194214,1.0078516006469727
380,1.007389783859253,1.0079628229141235
381,1.0074961185455322,1.0080748796463013
382,1.0076031684875488,1.0081876516342163
383,1.0077109336853027,1.0083011388778687
384,1.007819652557373,1.0084153413772583
385,1.0079288482666016,1.0085302591323853
386,1.0080389976501465,1.0086458921432495
387,1.00814950466156,1.0087623596191406
388,1.00826096534729,1.008879542350769
389,1.0083731412887573,1.0089974403381348
390,1.0084859132766724,1.0091160535812378
391,1.0085994005203247,1.0092353820800781
392,1.008713722229004,1.0093554258346558
393,1.0088286399841309,1.0094763040542603
394,1.0089443922042847,1.0095980167388916
395,1.0090606212615967,1.0097204446792603
396,1.009177565574646,1.0098435878753662
397,1.0092954635620117,1.0099674463272095
398,1.0094138383865356,1.01009202003479
399,1.0095330476760864,1.010217308998108
400,1.009652853012085,1.010343313217163
401,1.0097734928131104,1.0104700326919556
402,1.009894609451294,1.0105974674224854
403,1.010016679763794,1.0107256174087524
404,1.0101392269134521,1.0108544826507568
405,1.0102626085281372,1.010984182357788
406,1.0103868246078491,1.0111145973205566
407,1.0105117559432983,1.0112457275390625
408,1.0106374025344849,1.0113775730133057
409,1.0107635259628296,1.0115101337432861
410,1.0108906030654907,1.0116435289382935
411,1.0110182762145996,1.011777639389038
412,1.0111467838287354,1.01191246509552
413,1.0112760066986084,1.0120480060577393
414,1.0114059448242188,1.0121842622756958
415,1.0115364789962769,1.0123212337493896
416,1.0116678476333618,1.0124588012695312
417,1.0117998123168945,1.0125970840454102
418,1.011932611465454,1.0127360820770264
419,1.0120660066604614,1.0128757953643799
420,1.0122002363204956,1.0130162239074707
421,1.0123350620269775,1.0131573677062988
422,1.0124707221984863,1.0132992267608643
423,1.0126069784164429,1.013441801071167
424,1.0127439498901367,1.013585090637207
425,1.0128817558288574,1.0137290954589844
426,1.0130200386047363,1.0138736963272095
427,1.0131590366363525,1.0140190124511719
428,1.013298749923706,1.0141650438308716
429,1.0134391784667969,1.0143117904663086
430,1.0135804414749146,1.014459252357483
431,1.0137220621109009,1.014607310295105
432,1.0138646364212036,1.0147560834884644
433,1.014007806777954,1.0149054527282715
434,1.0141515731811523,1.015055537223816
435,1.0142961740493774,1.0152063369750977
436,1.0144412517547607,1.0153577327728271
437,1.014587163925171,1.015509843826294
438,1.0147335529327393,1.0156625509262085
439,1.0148807764053345,1.0158159732818604
440,1.015028476715088,1.01596999168396
441,1.0151770114898682,1.0161247253417969
442,1.0153261423110962,1.016280174255371
443,1.0154759883880615,1.016436219215393
444,1.0156264305114746,1.0165929794311523
445,1.015777587890625,1.0167503356933594
446,1.0159293413162231,1.0169084072113037
447,1.0160818099975586,1.0170670747756958
448,1.0162349939346313,1.0172264575958252
449,1.0163888931274414,1.017386555671692
450,1.0165431499481201,1.0175472497940063
451,1.0166983604431152,1.017708659172058
452,1.0168540477752686,1.0178706645965576
453,1.0170104503631592,1.0180333852767944
454,1.0171674489974976,1.018196702003479
455,1.0173252820968628,1.0183607339859009
456,1.0174835920333862,1.0185253620147705
457,1.017642617225647,1.0186907052993774
458,1.017802357673645,1.0188566446304321
459,1.0179626941680908,1.0190232992172241
460,1.018123745918274,1.0191905498504639
461,1.0182853937149048,1.019358515739441
462,1.018447756767273,1.0195270776748657
463,1.0186105966567993,1.0196963548660278
464,1.018774390220642,1.0198662281036377
465,1.0189385414123535,1.0200368165969849
466,1.0191035270690918,1.0202080011367798
467,1.0192691087722778,1.020379900932312
468,1.0194354057312012,1.020552396774292
469,1.0196022987365723,1.0207256078720093
470,1.0197699069976807,1.0208994150161743
471,1.0199382305145264,1.0210739374160767
472,1.0201069116592407,1.0212491750717163
473,1.0202765464782715,1.0214250087738037
474,1.02044677734375,1.0216015577316284
475,1.0206177234649658,1.0217788219451904
476,1.0207892656326294,1.0219566822052002
477,1.0209615230560303,1.022135615348816
478,1.0211344957351685,1.022315502166748
479,1.0213080644607544,1.0224961042404175
480,1.021482229232788,1.0226774215698242
481,1.0216573476791382,1.0228594541549683
482,1.0218329429626465,1.0230422019958496
483,1.022009253501892,1.0232255458831787
484,1.022186279296875,1.0234096050262451
485,1.0223639011383057,1.0235943794250488
486,1.0225422382354736,1.0237797498703003
487,1.0227211713790894,1.023965835571289
488,1.0229008197784424,1.0241525173187256
489,1.0230813026428223,1.0243399143218994
490,1.0232622623443604,1.024527907371521
491,1.0234439373016357,1.0247166156768799
492,1.0236263275146484,1.0249059200286865
493,1.0238094329833984,1.0250959396362305
494,1.0239930152893066,1.0252865552902222
495,1.0241775512695312,1.0254778861999512
496,1.0243628025054932,1.0256699323654175
497,1.0245485305786133,1.0258625745773315
498,1.0247350931167603,1.026055932044983
499,1.0249223709106445,1.026249885559082
500,1.0251103639602661,1.0264445543289185
501,1.0252989530563354,1.0266398191452026
502,1.0254883766174316,1.0268357992172241
503,1.0256786346435547,1.027032494544983
504,1.025869369506836,1.0272297859191895
505,1.0260610580444336,1.0274277925491333
506,1.0262532234191895,1.0276265144348145
507,1.0264463424682617,1.027825951576233
508,1.0266400575637817,1.0280261039733887
509,1.026834487915039,1.0282270908355713
510,1.0270297527313232,1.0284287929534912
511,1.0272256135940552,1.0286312103271484
512,1.0274221897125244,1.028834342956543
513,1.02761971950531,1.0290381908416748
514,1.027817726135254,1.029242753982544
515,1.0280165672302246,1.0294480323791504
516,1.0282161235809326,1.0296540260314941
517,1.028416395187378,1.0298607349395752
518,1.0286171436309814,1.0300681591033936
519,1.0288188457489014,1.0302762985229492
520,1.0290212631225586,1.0304851531982422
521,1.029224157333374,1.0306947231292725
522,1.0294278860092163,1.03090500831604
523,1.029632329940796,1.031116008758545
524,1.0298373699188232,1.0313276052474976
525,1.030043125152588,1.0315399169921875
526,1.0302497148513794,1.0317529439926147
527,1.0304569005966187,1.0319666862487793
528,1.0306648015975952,1.0321811437606812
529,1.0308735370635986,1.0323963165283203
530,1.0310827493667603,1.0326122045516968
531,1.0312929153442383,1.032828688621521
532,1.0315035581588745,1.0330458879470825
533,1.0317150354385376,1.0332638025283813
534,1.031927227973938,1.0334824323654175
535,1.0321401357650757,1.033701777458191
536,1.0323537588119507,1.0339218378067017
537,1.032568097114563,1.0341426134109497
538,1.032783031463623,1.034364104270935
539,1.0329989194869995,1.0345863103866577
540,1.0332154035568237,1.0348092317581177
541,1.0334327220916748,1.035032868385315
542,1.0336506366729736,1.0352572202682495
543,1.0338692665100098,1.0354822874069214
544,1.0340886116027832,1.0357080698013306
545,1.034308671951294,1.035934567451477
546,1.0345295667648315,1.0361617803573608
547,1.034751057624817,1.0363895893096924
548,1.03497314453125,1.0366181135177612
549,1.035196304321289,1.0368473529815674
550,1.0354199409484863,1.0370773077011108
551,1.035644292831421,1.0373079776763916
552,1.0358693599700928,1.0375393629074097
553,1.036095142364502,1.037771463394165
554,1.0363215208053589,1.0380042791366577
555,1.0365487337112427,1.0382378101348877
556,1.0367766618728638,1.038472056388855
557,1.0370054244995117,1.0387070178985596
558,1.0372346639633179,1.0389426946640015
559,1.0374646186828613,1.0391790866851807
560,1.037695288658142,1.0394161939620972
561,1.0379267930984497,1.039654016494751
562,1.038158893585205,1.0398924350738525
563,1.0383918285369873,1.0401315689086914
564,1.0386252403259277,1.0403714179992676
565,1.0388593673706055,1.040611982345581
566,1.0390944480895996,1.0408531427383423
567,1.0393298864364624,1.0410950183868408
568,1.0395660400390625,1.041337490081787
569,1.0398030281066895,1.0415806770324707
570,1.0400406122207642,1.041824460029602
571,1.0402789115905762,1.0420689582824707
572,1.040517807006836,1.042314052581787
573,1.0407575368881226,1.0425598621368408
574,1.0409977436065674,1.0428062677383423
575,1.0412386655807495,1.0430532693862915
576,1.041480302810669,1.043300986289978
577,1.0417225360870361,1.0435492992401123
578,1.0419657230377197,1.0437983274459839
579,1.0422091484069824,1.0440480709075928
580,1.042453646659851,1.0442984104156494
581,1.042698621749878,1.0445494651794434
582,1.042944312095642,1.0448012351989746
583,1.0431907176971436,1.0450537204742432
584,1.0434377193450928,1.045306921005249
585,1.0436855554580688,1.0455607175827026
586,1.0439341068267822,1.0458152294158936
587,1.0441832542419434,1.0460704565048218
588,1.0444331169128418,1.0463263988494873
589,1.044683575630188,1.0465830564498901
590,1.044934868812561,1.0468403100967407
591,1.045186996459961,1.0470982789993286
592,1.045439600944519,1.0473570823669434
593,1.045693039894104,1.0476166009902954
594,1.0459473133087158,1.0478768348693848
595,1.0462021827697754,1.0481377840042114
596,1.0464577674865723,1.0483994483947754
597,1.0467140674591064,1.0486618280410767
598,1.046971082687378,1.0489249229431152
599,1.0472289323806763,1.0491887331008911
600,1.0474872589111328,1.0494532585144043
601,1.0477466583251953,1.0497184991836548
602,1.048006534576416,1.0499844551086426
603,1.0482672452926636,1.0502511262893677
604,1.0485286712646484,1.05051851272583
605,1.0487908124923706,1.0507867336273193
606,1.04905366897583,1.051055669784546
607,1.0493173599243164,1.0513253211975098
608,1.04958176612854,1.0515958070755005
609,1.0498470067977905,1.0518674850463867
610,1.0501129627227783,1.0521410703659058
611,1.0503795146942139,1.052415370941162
612,1.0506469011306763,1.0526903867721558
613,1.050915002822876,1.0529661178588867
614,1.0511839389801025,1.053242564201355
615,1.0514535903930664,1.0535197257995605
616,1.051723837852478,1.0537976026535034
617,1.0519949197769165,1.0540761947631836
618,1.0522667169570923,1.054355502128601
619,1.0525391101837158,1.0546356439590454
620,1.0528123378753662,1.0549163818359375
621,1.0530861616134644,1.055197834968567
622,1.0533607006072998,1.0554800033569336
623,1.0536359548568726,1.0557628870010376
624,1.0539119243621826,1.056046485900879
625,1.0541884899139404,1.0563308000564575
626,1.0544657707214355,1.0566157102584839
627,1.054743766784668,1.0569013357162476
628,1.0550224781036377,1.057187557220459
629,1.0553016662597656,1.0574743747711182
630,1.0555816888809204,1.057761788368225
631,1.0558621883392334,1.0580496788024902
632,1.0561434030532837,1.0583381652832031
633,1.0564253330230713,1.0586271286010742
634,1.0567076206207275,1.058916687965393
635,1.0569908618927002,1.0592067241668701
636,1.0572744607925415,1.0594972372055054
637,1.0575587749481201,1.0597882270812988
638,1.0578436851501465,1.0600796937942505
639,1.0581293106079102,1.0603716373443604
640,1.058415412902832,1.0606640577316284
641,1.0587018728256226,1.0609569549560547
642,1.058989405632019,1.0612503290176392
643,1.059277057647705,1.0615441799163818
644,1.0595656633377075,1.0618385076522827
645,1.0598546266555786,1.0621331930160522
646,1.0601441860198975,1.0624282360076904
647,1.060434341430664,1.0627236366271973
648,1.0607249736785889,1.0630193948745728
649,1.0610162019729614,1.0633153915405273
650,1.0613079071044922,1.0636117458343506
651,1.0615999698638916,1.063908338546753
652,1.0618927478790283,1.0642051696777344
653,1.0621857643127441,1.064502239227295
654,1.0624792575836182,1.0647995471954346
655,1.0627732276916504,1.0650970935821533
656,1.0630675554275513,1.0653947591781616
657,1.0633622407913208,1.065692663192749
658,1.0636574029922485,1.065990686416626
659,1.063952922821045,1.066288948059082
660,1.06424880027771,1.0665873289108276
661,1.064544916152954,1.0668858289718628
662,1.0648415088653564,1.0671844482421875
663,1.0651382207870483,1.0674831867218018
664,1.0654351711273193,1.0677820444107056
665,1.0657325983047485,1.068081021308899
666,1.0660302639007568,1.0683801174163818
667,1.0663281679153442,1.0686793327331543
668,1.0666263103485107,1.0689786672592163
669,1.0669245719909668,1.0692780017852783
670,1.0672231912612915,1.0695774555206299
671,1.0675218105316162,1.069877028465271
672,1.06782066822052,1.070176601409912
673,1.068119764328003,1.0704762935638428
674,1.0684189796447754,1.0707759857177734
675,1.0687181949615479,1.071075677871704
676,1.0690175294876099,1.0713753700256348
677,1.0693169832229614,1.071675181388855
678,1.0696165561676025,1.0719749927520752
679,1.0699161291122437,1.0722748041152954
680,1.0702158212661743,1.0725747346878052
681,1.070515513420105,1.072874665260315
682,1.0708152055740356,1.0731745958328247
683,1.071115255355835,1.0734745264053345
684,1.0714149475097656,1.0737744569778442
685,1.071714997291565,1.074074387550354
686,1.0720148086547852,1.0743743181228638
687,1.0723148584365845,1.0746742486953735
688,1.0726146697998047,1.0749741792678833
689,1.072914719581604,1.075274109840393
690,1.0732146501541138,1.0755741596221924
691,1.073514699935913,1.0758742094039917
692,1.0738147497177124,1.076174259185791
693,1.0741146802902222,1.0764743089675903
694,1.0744147300720215,1.0767743587493896
695,1.0747147798538208,1.077074408531189
696,1.0750148296356201,1.0773744583129883
697,1.0753148794174194,1.0776745080947876
698,1.0756148099899292,1.077974557876587
699,1.0759148597717285,1.0782746076583862
700,1.0762149095535278,1.0785746574401855
701,1.0765150785446167,1.0788747072219849
702,1.0768150091171265,1.0791747570037842
703,1.0771151781082153,1.0794748067855835
704,1.0774152278900146,1.0797748565673828
705,1.077715277671814,1.0800749063491821
706,1.0780152082443237,1.0803749561309814
707,1.078315258026123,1.0806750059127808
708,1.0786153078079224,1.08097505569458
709,1.0789154767990112,1.0812751054763794
710,1.079215407371521,1.0815751552581787
711,1.0795155763626099,1.081875205039978
712,1.0798156261444092,1.0821752548217773
713,1.0801156759262085,1.0824753046035767
714,1.0804156064987183,1.082775354385376
715,1.0807156562805176,1.0830754041671753
716,1.081015706062317,1.0833754539489746
717,1.0813158750534058,1.083675503730774
718,1.0816158056259155,1.0839755535125732
719,1.0819159746170044,1.0842756032943726
720,1.0822160243988037,1.0845756530761719
721,1.082516074180603,1.0848757028579712
722,1.0828160047531128,1.0851757526397705
723,1.083116054534912,1.0854758024215698
724,1.0834161043167114,1.0857758522033691
725,1.0837162733078003,1.0860759019851685
726,1.08401620388031,1.0863759517669678
727,1.084316372871399,1.086676001548767
728,1.0846164226531982,1.0869760513305664
729,1.0849164724349976,1.0872761011123657
730,1.0852164030075073,1.087576150894165
731,1.0855164527893066,1.0878762006759644
732,1.085816502571106,1.0881762504577637
733,1.0861166715621948,1.088476300239563
734,1.0864166021347046,1.0887763500213623
735,1.0867167711257935,1.0890763998031616
736,1.0870168209075928,1.089376449584961
737,1.087316870689392,1.0896764993667603
738,1.0876168012619019,1.0899765491485596
739,1.0879168510437012,1.0902765989303589
740,1.0882169008255005,1.0905766487121582
741,1.0885170698165894,1.0908766984939575
742,1.0888170003890991,1.0911767482757568
743,1.089117169380188,1.0914767980575562
744,1.0894172191619873,1.0917768478393555
745,1.0897172689437866,1.0920768976211548
746,1.0900171995162964,1.092376947402954
747,1.0903172492980957,1.0926769971847534
748,1.090617299079895,1.0929770469665527
749,1.0909174680709839,1.093277096748352
750,1.0912173986434937,1.0935771465301514
751,1.0915175676345825,1.0938771963119507
752,1.0918176174163818,1.09417724609375
753,1.0921176671981812,1.0944772958755493
754,1.092417597770691,1.0947773456573486
755,1.0927176475524902,1.095077395439148
756,1.0930176973342896,1.0953774452209473
757,1.0933178663253784,1.0956774950027466
758,1.0936177968978882,1.095977544784546
759,1.093917965888977,1.0962775945663452
760,1.0942180156707764,1.0965776443481445
761,1.0945180654525757,1.0968776941299438
762,1.0948179960250854,1.0971777439117432
763,1.0951180458068848,1.0974777936935425
764,1.095418095588684,1.0977778434753418
765,1.095718264579773,1.0980778932571411
766,1.0960181951522827,1.0983779430389404
767,1.0963183641433716,1.0986779928207397
768,1.096618413925171,1.098978042602539
769,1.0969184637069702,1.0992780923843384
770,1.09721839427948,1.0995781421661377
771,1.0975184440612793,1.099878191947937
772,1.0978184938430786,1.1001782417297363
773,1.0981186628341675,1.1004782915115356
774,1.0984185934066772,1.100778341293335
775,1.0987187623977661,1.1010783910751343
776,1.0990188121795654,1.1013784408569336
777,1.0993188619613647,1.101678490638733
778,1.0996187925338745,1.1019785404205322
779,1.0999188423156738,1.1022785902023315
780,1.1002188920974731,1.1025786399841309
781,1.100519061088562,1.1028786897659302
782,1.1008189916610718,1.1031787395477295
783,1.1011191606521606,1.1034787893295288
784,1.10141921043396,1.1037788391113281
785,1.1017192602157593,1.1040788888931274
786,1.102019190788269,1.1043789386749268
787,1.1023192405700684,1.104678988456726
788,1.1026192903518677,1.1049790382385254
789,1.1029194593429565,1.1052790880203247
790,1.1032193899154663,1.105579137802124
791,1.1035195589065552,1.1058791875839233
792,1.1038196086883545,1.1061792373657227
793,1.1041196584701538,1.106479287147522
794,1.1044195890426636,1.1067793369293213
795,1.104719638824463,1.1070793867111206
796,1.1050196886062622,1.10737943649292
797,1.105319857597351,1.1076794862747192
798,1.1056197881698608,1.1079795360565186
799,1.1059199571609497,1.1082795858383179
800,1.106220006942749,1.1085796356201172
801,1.1065200567245483,1.1088796854019165
802,1.106819987297058,1.1091797351837158
803,1.1071200370788574,1.1094797849655151
804,1.1074200868606567,1.1097798347473145
805,1.1077202558517456,1.1100798845291138
806,1.1080201864242554,1.110379934310913
807,1.1083203554153442,1.1106799840927124
808,1.1086204051971436,1.1109800338745117
809,1.1089204549789429,1.111280083656311
810,1.1092203855514526,1.1115801334381104
811,1.109520435333252,1.1118801832199097
812,1.1098204851150513,1.112180233001709
813,1.1101206541061401,1.1124802827835083
814,1.11042058467865,1.1127803325653076
815,1.1107207536697388,1.113080382347107
816,1.111020803451538,1.1133804321289062
817,1.1113208532333374,1.1136804819107056
818,1.1116207838058472,1.1139805316925049
819,1.1119208335876465,1.1142805814743042
820,1.1122208833694458,1.1145806312561035
821,1.1125210523605347,1.1148806810379028
822,1.1128209829330444,1.1151807308197021
823,1.1131211519241333,1.1154807806015015
824,1.1134212017059326,1.1157808303833008
825,1.113721251487732,1.1160808801651
826,1.1140211820602417,1.1163809299468994
827,1.114321231842041,1.1166809797286987
828,1.1146212816238403,1.116981029510498
829,1.1149214506149292,1.1172810792922974
830,1.115221381187439,1.1175811290740967
831,1.1155215501785278,1.117881178855896
832,1.1158215999603271,1.1181812286376953
833,1.1161216497421265,1.1184812784194946
834,1.1164215803146362,1.118781328201294
835,1.1167216300964355,1.1190813779830933
836,1.1170216798782349,1.1193814277648926
837,1.1173218488693237,1.119681477546692
838,1.1176217794418335,1.1199815273284912
839,1.1179219484329224,1.1202815771102905
840,1.1182219982147217,1.1205816268920898
841,1.118522047996521,1.1208816766738892
842,1.1188219785690308,1.1211817264556885
843,1.11912202835083,1.1214817762374878
844,1.1194220781326294,1.121781826019287
845,1.1197222471237183,1.1220818758010864
846,1.120022177696228,1.1223819255828857
847,1.120322346687317,1.122681975364685
848,1.1206223964691162,1.1229820251464844
849,1.1209224462509155,1.1232820749282837
850,1.1212223768234253,1.123582124710083
851,1.1215224266052246,1.1238821744918823
852,1.121822476387024,1.1241822242736816
853,1.1221226453781128,1.124482274055481
854,1.1224225759506226,1.1247823238372803
855,1.1227227449417114,1.1250823736190796
856,1.1230227947235107,1.125382423400879
857,1.12332284450531,1.1256824731826782
858,1.1236227750778198,1.1259825229644775
859,1.1239228248596191,1.1262825727462769
860,1.1242228746414185,1.1265826225280762
861,1.1245230436325073,1.1268826723098755
862,1.124822974205017,1.1271827220916748
863,1.125123143196106,1.1274827718734741
864,1.1254231929779053,1.1277828216552734
865,1.1257232427597046,1.1280828714370728
866,1.1260231733322144,1.128382921218872
867,1.1263232231140137,1.1286829710006714
868,1.126623272895813,1.1289830207824707
869,1.1269234418869019,1.12928307056427
870,1.1272233724594116,1.1295831203460693
871,1.1275235414505005,1.1298831701278687
872,1.1278235912322998,1.130183219909668
873,1.1281236410140991,1.1304832696914673
874,1.1284235715866089,1.1307833194732666
875,1.1287236213684082,1.131083369255066
876,1.1290236711502075,1.1313834190368652
877,1.1293238401412964,1.1316834688186646
878,1.1296237707138062,1.1319835186004639
879,1.129923939704895,1.1322835683822632
880,1.1302239894866943,1.1325836181640625
881,1.1305240392684937,1.1328836679458618
882,1.1308239698410034,1.1331837177276611
883,1.1311240196228027,1.1334837675094604
884,1.131424069404602,1.1337838172912598
885,1.131724238395691,1.134083867073059
886,1.1320241689682007,1.1343839168548584
887,1.1323243379592896,1.1346839666366577
888,1.1326243877410889,1.134984016418457
889,1.1329244375228882,1.1352840662002563
890,1.133224368095398,1.1355841159820557
891,1.1335244178771973,1.135884165763855
892,1.1338244676589966,1.1361842155456543
893,1.1341246366500854,1.1364842653274536
894,1.1344245672225952,1.136784315109253
895,1.134724736213684,1.1370843648910522
896,1.1350247859954834,1.1373844146728516
897,1.1353248357772827,1.1376844644546509
898,1.1356247663497925,1.1379845142364502
899,1.1359248161315918,1.1382845640182495
900,1.1362248659133911,1.1385846138000488
901,1.13652503490448,1.1388846635818481
902,1.1368249654769897,1.1391847133636475
903,1.1371251344680786,1.1394847631454468
904,1.137425184249878,1.139784812927246
905,1.1377252340316772,1.1400848627090454
906,1.138025164604187,1.1403849124908447
907,1.1383252143859863,1.140684962272644
908,1.1386252641677856,1.1409850120544434
909,1.1389254331588745,1.1412850618362427
910,1.1392253637313843,1.141585111618042
911,1.1395255327224731,1.1418851613998413
912,1.1398255825042725,1.1421852111816406
913,1.1401256322860718,1.14248526096344
914,1.1404255628585815,1.1427853107452393
915,1.1407256126403809,1.1430853605270386
916,1.1410256624221802,1.143385410308838
917,1.141325831413269,1.1436854600906372
918,1.1416257619857788,1.1439855098724365
919,1.1419259309768677,1.1442855596542358
920,1.142225980758667,1.1445856094360352
921,1.1425260305404663,1.1448856592178345
922,1.142825961112976,1.1451857089996338
923,1.1431260108947754,1.145485758781433
924,1.1434260606765747,1.1457858085632324
925,1.1437262296676636,1.1460858583450317
926,1.1440261602401733,1.146385908126831
927,1.1443263292312622,1.1466859579086304
928,1.1446263790130615,1.1469860076904297
929,1.1449264287948608,1.147286057472229
930,1.1452264785766602,1.1475861072540283
931,1.14552640914917,1.1478861570358276
932,1.1458264589309692,1.148186206817627
933,1.146126627922058,1.1484862565994263
934,1.1464265584945679,1.1487863063812256
935,1.1467267274856567,1.149086356163025
936,1.147026777267456,1.1493864059448242
937,1.1473267078399658,1.1496864557266235
938,1.1476267576217651,1.1499865055084229
939,1.1479268074035645,1.1502865552902222
940,1.1482268571853638,1.1505866050720215
941,1.1485270261764526,1.1508866548538208
942,1.1488269567489624,1.1511867046356201
943,1.1491271257400513,1.1514867544174194
944,1.1494271755218506,1.1517868041992188
945,1.14972722530365,1.152086853981018
946,1.1500272750854492,1.1523869037628174
947,1.150327205657959,1.1526869535446167
948,1.1506272554397583,1.152987003326416
949,1.1509274244308472,1.1532870531082153
950,1.151227355003357,1.1535871028900146
951,1.1515275239944458,1.153887152671814
952,1.1518275737762451,1.1541872024536133
953,1.1521275043487549,1.1544872522354126
954,1.1524275541305542,1.154787302017212
955,1.1527276039123535,1.1550873517990112
956,1.1530276536941528,1.1553874015808105
957,1.1533278226852417,1.1556874513626099
958,1.1536277532577515,1.1559875011444092
959,1.1539279222488403,1.1562875509262085
960,1.1542279720306396,1.1565876007080078
961,1.154528021812439,1.1568876504898071
962,1.1548280715942383,1.1571877002716064
963,1.155128002166748,1.1574877500534058
964,1.1554280519485474,1.157787799835205
965,1.1557282209396362,1.1580878496170044
966,1.156028151512146,1.1583878993988037
967,1.1563283205032349,1.158687949180603
968,1.1566283702850342,1.1589879989624023
969,1.156928300857544,1.1592880487442017
970,1.1572283506393433,1.159588098526001
971,1.1575284004211426,1.1598881483078003
972,1.157828450202942,1.1601881980895996
973,1.1581286191940308,1.160488247871399
974,1.1584285497665405,1.1607882976531982
975,1.1587287187576294,1.1610883474349976
976,1.1590287685394287,1.1613883972167969
977,1.159328818321228,1.1616884469985962
978,1.1596288681030273,1.1619884967803955
979,1.159928798675537,1.1622885465621948
980,1.1602288484573364,1.1625885963439941
981,1.1605290174484253,1.1628886461257935
982,1.160828948020935,1.1631886959075928
983,1.161129117012024,1.163488745689392
984,1.1614291667938232,1.1637887954711914
985,1.161729097366333,1.1640888452529907
986,1.1620291471481323,1.16438889503479
987,1.1623291969299316,1.1646889448165894
988,1.162629246711731,1.1649889945983887
989,1.1629294157028198,1.165289044380188
990,1.1632293462753296,1.1655890941619873
991,1.1635295152664185,1.1658891439437866
992,1.1638295650482178,1.166189193725586
993,1.164129614830017,1.1664892435073853
994,1.1644296646118164,1.1667892932891846
995,1.1647295951843262,1.1670893430709839
996,1.1650296449661255,1.1673893928527832
997,1.1653298139572144,1.1676894426345825
998,1.1656297445297241,1.1679894924163818
999,1.165929913520813,1.1682895421981812
1000,1.1662299633026123,1.1685895919799805
1001,1.166529893875122,1.1688896417617798
1002,1.1668299436569214,1.169189691543579
1003,1.1671299934387207,1.1694897413253784
1004,1.16743004322052,1.1697897911071777
1005,1.1677302122116089,1.170089840888977
1006,1.1680301427841187,1.1703898906707764
1007,1.1683303117752075,1.1706899404525757
1008,1.1686303615570068,1.170989990234375
1009,1.1689304113388062,1.1712900400161743
1010,1.1692304611206055,1.1715900897979736
1011,1.1695303916931152,1.171890139579773
1012,1.1698304414749146,1.1721901893615723
1013,1.1701306104660034,1.1724902391433716
1014,1.1704305410385132,1.172790288925171
1015,1.170730710029602,1.1730903387069702
1016,1.1710307598114014,1.1733903884887695
1017,1.1713306903839111,1.1736904382705688
1018,1.1716307401657104,1.1739904880523682
1019,1.1719307899475098,1.1742905378341675
1020,1.172230839729309,1.1745905876159668
1021,1.172531008720398,1.1748906373977661
1022,1.1728309392929077,1.1751906871795654
1023,1.1731311082839966,1.1754907369613647
1024,1.173431158065796,1.175790786743164
1025,1.1737312078475952,1.1760908365249634
1026,1.1740312576293945,1.1763908863067627
1027,1.1743311882019043,1.176690936088562
1028,1.1746312379837036,1.1769909858703613
1029,1.1749314069747925,1.1772910356521606
1030,1.1752313375473022,1.17759108543396
1031,1.1755315065383911,1.1778911352157593
1032,1.1758315563201904,1.1781911849975586
1033,1.1761314868927002,1.178491234779358
1034,1.1764315366744995,1.1787912845611572
1035,1.1767315864562988,1.1790913343429565
1036,1.1770316362380981,1.1793913841247559
1037,1.177331805229187,1.1796914339065552
1038,1.1776317358016968,1.1799914836883545
1039,1.1779319047927856,1.1802915334701538
1040,1.178231954574585,1.1805915832519531
1041,1.1785320043563843,1.1808916330337524
1042,1.1788320541381836,1.1811916828155518
1043,1.1791319847106934,1.181491732597351
1044,1.1794320344924927,1.1817917823791504
1045,1.1797322034835815,1.1820918321609497
1046,1.1800321340560913,1.182391881942749
1047,1.1803323030471802,1.1826919317245483
1048,1.1806323528289795,1.1829919815063477
1049,1.1809322834014893,1.183292031288147
1050,1.1812323331832886,1.1835920810699463
1051,1.181532382965088,1.1838921308517456
1052,1.1818324327468872,1.184192180633545
1053,1.182132601737976,1.1844922304153442
1054,1.1824325323104858,1.1847922801971436
1055,1.1827327013015747,1.1850923299789429
1056,1.183032751083374,1.1853923797607422
1057,1.1833328008651733,1.1856924295425415
1058,1.1836328506469727,1.1859924793243408
1059,1.1839327812194824,1.1862925291061401
1060,1.1842328310012817,1.1865925788879395
1061,1.1845329999923706,1.1868926286697388
1062,1.1848329305648804,1.187192678451538
1063,1.1851330995559692,1.1874927282333374
1064,1.1854331493377686,1.1877927780151367
1065,1.1857330799102783,1.188092827796936
1066,1.1860331296920776,1.1883928775787354
1067,1.186333179473877,1.1886929273605347
1068,1.1866332292556763,1.188992977142334
1069,1.1869333982467651,1.1892930269241333
1070,1.187233328819275,1.1895930767059326
1071,1.1875334978103638,1.189893126487732
1072,1.187833547592163,1.1901931762695312
1073,1.1881335973739624,1.1904932260513306
1074,1.1884336471557617,1.1907932758331299
1075,1.1887335777282715,1.1910933256149292
1076,1.1890336275100708,1.1913933753967285
1077,1.1893337965011597,1.1916934251785278
1078,1.1896337270736694,1.1919934749603271
1079,1.1899338960647583,1.1922935247421265
1080,1.1902339458465576,1.1925935745239258
1081,1.1905338764190674,1.192893624305725
1082,1.1908339262008667,1.1931936740875244
1083,1.191133975982666,1.1934937238693237
1084,1.1914340257644653,1.193793773651123
1085,1.1917341947555542,1.1940938234329224
1086,1.192034125328064,1.1943938732147217
1087,1.1923342943191528,1.194693922996521
1088,1.1926343441009521,1.1949939727783203
1089,1.1929343938827515,1.1952940225601196
1090,1.1932344436645508,1.195594072341919
1091,1.1935343742370605,1.1958941221237183
1092,1.1938344240188599,1.1961941719055176
1093,1.1941345930099487,1.196494221687317
1094,1.1944345235824585,1.1967942714691162
1095,1.1947346925735474,1.1970943212509155
1096,1.1950347423553467,1.1973943710327148
1097,1.1953346729278564,1.1976944208145142
1098,1.1956347227096558,1.1979944705963135
1099,1.195934772491455,1.1982945203781128
1100,1.1962348222732544,1.198594570159912
1101,1.1965349912643433,1.1988946199417114
1102,1.196834921836853,1.1991946697235107
1103,1.197135090827942,1.19949471950531
1104,1.1974351406097412,1.1997947692871094
1105,1.1977351903915405,1.2000948190689087
1106,1.1980352401733398,1.200394868850708
1107,1.1983351707458496,1.2006949186325073
1108,1.198635220527649,1.2009949684143066
1109,1.1989353895187378,1.201295018196106
1110,1.1992353200912476,1.2015950679779053
1111,1.1995354890823364,1.2018951177597046
1112,1.1998355388641357,1.202195167541504
1113,1.2001354694366455,1.2024952173233032
1114,1.2004355192184448,1.2027952671051025
1115,1.2007355690002441,1.2030953168869019
1116,1.2010356187820435,1.2033953666687012
1117,1.2013357877731323,1.2036954164505005
1118,1.201635718345642,1.2039954662322998
1119,1.201935887336731,1.2042955160140991
1120,1.2022359371185303,1.2045955657958984
1121,1.2025359869003296,1.2048956155776978
1122,1.202836036682129,1.205195665359497
1123,1.2031359672546387,1.2054957151412964
1124,1.203436017036438,1.2057957649230957
1125,1.2037361860275269,1.206095814704895
1126,1.2040361166000366,1.2063958644866943
1127,1.2043362855911255,1.2066959142684937
1128,1.2046363353729248,1.206995964050293
1129,1.2049362659454346,1.2072960138320923
1130,1.2052363157272339,1.2075960636138916
1131,1.2055363655090332,1.207896113395691
1132,1.2058364152908325,1.2081961631774902
1133,1.2061365842819214,1.2084962129592896
1134,1.2064365148544312,1.2087962627410889
1135,1.20673668384552,1.2090963125228882
1136,1.2070367336273193,1.2093963623046875
1137,1.2073367834091187,1.2096964120864868
1138,1.207636833190918,1.2099964618682861
1139,1.2079367637634277,1.2102965116500854
1140,1.208236813545227,1.2105965614318848
1141,1.208536982536316,1.210896611213684
1142,1.2088369131088257,1.2111966609954834
1143,1.2091370820999146,1.2114967107772827
1144,1.2094371318817139,1.211796760559082
1145,1.2097370624542236,1.2120968103408813
1146,1.210037112236023,1.2123968601226807
1147,1.2103371620178223,1.21269690990448
1148,1.2106372117996216,1.2129969596862793
1149,1.2109373807907104,1.2132970094680786
1150,1.2112373113632202,1.213597059249878
1151,1.211537480354309,1.2138971090316772
1152,1.2118375301361084,1.2141971588134766
1153,1.2121375799179077,1.2144972085952759
1154,1.212437629699707,1.2147972583770752
1155,1.2127375602722168,1.2150973081588745
1156,1.2130376100540161,1.2153973579406738
1157,1.213337779045105,1.2156974077224731
1158,1.2136377096176147,1.2159974575042725
1159,1.2139378786087036,1.2162975072860718
1160,1.214237928390503,1.216597557067871
1161,1.2145378589630127,1.2168976068496704
1162,1.214837908744812,1.2171976566314697
1163,1.2151379585266113,1.217497706413269
1164,1.2154380083084106,1.2177977561950684
1165,1.2157381772994995,1.2180978059768677
1166,1.2160381078720093,1.218397855758667
1167,1.2163382768630981,1.2186979055404663
1168,1.2166383266448975,1.2189979553222656
1169,1.2169383764266968,1.219298005104065
1170,1.217238426208496,1.2195980548858643
1171,1.2175383567810059,1.2198981046676636
1172,1.2178384065628052,1.220198154449463
1173,1.218138575553894,1.2204982042312622
1174,1.2184385061264038,1.2207982540130615
1175,1.2187386751174927,1.2210983037948608
1176,1.219038724899292,1.2213983535766602
1177,1.2193386554718018,1.2216984033584595
1178,1.219638705253601,1.2219984531402588
1179,1.2199387550354004,1.222298502922058
1180,1.2202388048171997,1.2225985527038574
1181,1.2205389738082886,1.2228986024856567
1182,1.2208389043807983,1.223198652267456
1183,1.2211390733718872,1.2234987020492554
1184,1.2214391231536865,1.2237987518310547
1185,1.2217391729354858,1.224098801612854
1186,1.2220392227172852,1.2243988513946533
1187,1.222339153289795,1.2246989011764526
1188,1.2226392030715942,1.224998950958252
1189,1.222939372062683,1.2252990007400513
1190,1.2232393026351929,1.2255990505218506
1191,1.2235394716262817,1.22589910030365
1192,1.223839521408081,1.2261991500854492
1193,1.2241394519805908,1.2264991998672485
1194,1.2244395017623901,1.2267992496490479
1195,1.2247395515441895,1.2270992994308472
1196,1.2250396013259888,1.2273993492126465
1197,1.2253397703170776,1.2276993989944458
1198,1.2256397008895874,1.2279994487762451
1199,1.2259398698806763,1.2282994985580444
1200,1.2262399196624756,1.2285995483398438
1201,1.226539969444275,1.228899598121643
1202,1.2268400192260742,1.2291996479034424
1203,1.227139949798584,1.2294996976852417
1204,1.2274399995803833,1.229799747467041
1205,1.2277401685714722,1.2300997972488403
1206,1.228040099143982,1.2303998470306396
1207,1.2283402681350708,1.230699896812439
1208,1.2286403179168701,1.2309999465942383
1209,1.2289402484893799,1.2312999963760376
1210,1.2292402982711792,1.231600046157837
1211,1.2295403480529785,1.2319000959396362
1212,1.2298403978347778,1.2322001457214355
1213,1.2301405668258667,1.2325001955032349
1214,1.2304404973983765,1.2328002452850342
1215,1.2307406663894653,1.2331002950668335
1216,1.2310407161712646,1.2334003448486328
1217,1.231340765953064,1.2337003946304321
1218,1.2316408157348633,1.2340004444122314
1219,1.231940746307373,1.2343004941940308
1220,1.2322407960891724,1.23460054397583
1221,1.2325409650802612,1.2349005937576294
1222,1.232840895652771,1.2352006435394287
1223,1.2331410646438599,1.235500693321228
1224,1.2334411144256592,1.2358007431030273
1225,1.233741044998169,1.2361007928848267
1226,1.2340410947799683,1.236400842666626
1227,1.2343411445617676,1.2367008924484253
1228,1.234641194343567,1.2370009422302246
1229,1.2349413633346558,1.237300992012024
1230,1.2352412939071655,1.2376010417938232
1231,1.2355414628982544,1.2379010915756226
1232,1.2358415126800537,1.2382011413574219
1233,1.236141562461853,1.2385011911392212
1234,1.2364416122436523,1.2388012409210205
1235,1.236741542816162,1.2391012907028198
1236,1.2370415925979614,1.2394013404846191
1237,1.2373417615890503,1.2397013902664185
1238,1.23764169216156,1.2400014400482178
1239,1.237941861152649,1.240301489830017
1240,1.2382419109344482,1.2406015396118164
1241,1.238541841506958,1.2409015893936157
1242,1.2388418912887573,1.241201639175415
1243,1.2391419410705566,1.2415016889572144
1244,1.239441990852356,1.2418017387390137
1245,1.2397421598434448,1.242101788520813
1246,1.2400420904159546,1.2424018383026123
1247,1.2403422594070435,1.2427018880844116
1248,1.2406423091888428,1.243001937866211
1249,1.240942358970642,1.2433019876480103
1250,1.2412424087524414,1.2436020374298096
1251,1.2415423393249512,1.2439020872116089
1252,1.2418423891067505,1.2442021369934082
1253,1.2421425580978394,1.2445021867752075
1254,1.2424424886703491,1.2448022365570068
1255,1.242742657661438,1.2451022863388062
1256,1.2430427074432373,1.2454023361206055
1257,1.243342638015747,1.2457023859024048
1258,1.2436426877975464,1.246002435684204
1259,1.2439427375793457,1.2463024854660034
1260,1.244242787361145,1.2466025352478027
1261,1.2445429563522339,1.246902585029602
1262,1.2448428869247437,1.2472026348114014
1263,1.2451430559158325,1.2475026845932007
1264,1.2454431056976318,1.247802734375
1265,1.2457431554794312,1.2481027841567993
1266,1.2460432052612305,1.2484028339385986
1267,1.2463431358337402,1.248702883720398
1268,1.2466431856155396,1.2490029335021973
1269,1.2469433546066284,1.2493029832839966
1270,1.2472432851791382,1.249603033065796
1271,1.247543454170227,1.2499030828475952
1272,1.2478435039520264,1.2502031326293945
1273,1.2481434345245361,1.2505031824111938
1274,1.2484434843063354,1.2508032321929932
1275,1.2487435340881348,1.2511032819747925
1276,1.249043583869934,1.2514033317565918
1277,1.249343752861023,1.2517033815383911
1278,1.2496436834335327,1.2520034313201904
1279,1.2499438524246216,1.2523034811019897
1280,1.250243902206421,1.252603530883789
1281,1.2505439519882202,1.2529035806655884
1282,1.2508440017700195,1.2532036304473877
1283,1.2511439323425293,1.253503680229187
1284,1.2514439821243286,1.2538037300109863
1285,1.2517441511154175,1.2541037797927856
1286,1.2520440816879272,1.254403829574585
1287,1.2523442506790161,1.2547038793563843
1288,1.2526443004608154,1.2550039291381836
1289,1.2529442310333252,1.255303978919983
1290,1.2532442808151245,1.2556040287017822
1291,1.2535443305969238,1.2559040784835815
1292,1.2538443803787231,1.2562041282653809
1293,1.254144549369812,1.2565041780471802
1294,1.2544444799423218,1.2568042278289795
1295,1.2547446489334106,1.2571042776107788
1296,1.25504469871521,1.2574043273925781
1297,1.2553447484970093,1.2577043771743774
1298,1.2556447982788086,1.2580044269561768
1299,1.2559447288513184,1.258304476737976
1300,1.2562447786331177,1.2586045265197754
1301,1.2565449476242065,1.2589045763015747
1302,1.2568448781967163,1.259204626083374
1303,1.2571450471878052,1.2595046758651733
1304,1.2574450969696045,1.2598047256469727
1305,1.2577450275421143,1.260104775428772
1306,1.2580450773239136,1.2604048252105713
1307,1.258345127105713,1.2607048749923706
1308,1.2586451768875122,1.26100492477417
1309,1.258945345878601,1.2613049745559692
1310,1.2592452764511108,1.2616050243377686
1311,1.2595454454421997,1.2619050741195679
1312,1.259845495223999,1.2622051239013672
1313,1.2601455450057983,1.2625051736831665
1314,1.2604455947875977,1.2628052234649658
1315,1.2607455253601074,1.2631052732467651
1316,1.2610455751419067,1.2634053230285645
1317,1.2613457441329956,1.2637053728103638
1318,1.2616456747055054,1.264005422592163
1319,1.2619458436965942,1.2643054723739624
1320,1.2622458934783936,1.2646055221557617
1321,1.2625458240509033,1.264905571937561
1322,1.2628458738327026,1.2652056217193604
1323,1.263145923614502,1.2655056715011597
1324,1.2634459733963013,1.265805721282959
1325,1.2637461423873901,1.2661057710647583
1326,1.2640460729599,1.2664058208465576
1327,1.2643462419509888,1.266705870628357
1328,1.264646291732788,1.2670059204101562
1329,1.2649463415145874,1.2673059701919556
1330,1.2652463912963867,1.2676060199737549
1331,1.2655463218688965,1.2679060697555542
1332,1.2658463716506958,1.2682061195373535
1333,1.2661465406417847,1.2685061693191528
1334,1.2664464712142944,1.2688062191009521
1335,1.2667466402053833,1.2691062688827515
1336,1.2670466899871826,1.2694063186645508
1337,1.2673466205596924,1.26970636844635
1338,1.2676466703414917,1.2700064182281494
1339,1.267946720123291,1.2703064680099487
1340,1.2682467699050903,1.270606517791748
1341,1.2685469388961792,1.2709065675735474
1342,1.268846869468689,1.2712066173553467
1343,1.2691470384597778,1.271506667137146
1344,1.2694470882415771,1.2718067169189453
1345,1.2697471380233765,1.2721067667007446
1346,1.2700471878051758,1.272406816482544
1347,1.2703471183776855,1.2727068662643433
1348,1.2706471681594849,1.2730069160461426
1349,1.2709473371505737,1.273306965827942
1350,1.2712472677230835,1.2736070156097412
1351,1.2715474367141724,1.2739070653915405
1352,1.2718474864959717,1.2742071151733398
1353,1.2721474170684814,1.2745071649551392
1354,1.2724474668502808,1.2748072147369385
1355,1.27274751663208,1.2751072645187378
1356,1.2730475664138794,1.275407314300537
1357,1.2733477354049683,1.2757073640823364
1358,1.273647665977478,1.2760074138641357
1359,1.273947834968567,1.276307463645935
1360,1.2742478847503662,1.2766075134277344
1361,1.2745479345321655,1.2769075632095337
1362,1.2748479843139648,1.277207612991333
1363,1.2751479148864746,1.2775076627731323
1364,1.275447964668274,1.2778077125549316
1365,1.2757481336593628,1.278107762336731
1366,1.2760480642318726,1.2784078121185303
1367,1.2763482332229614,1.2787078619003296
1368,1.2766482830047607,1.279007911682129
1369,1.2769482135772705,1.2793079614639282
1370,1.2772482633590698,1.2796080112457275
1371,1.2775483131408691,1.2799080610275269
1372,1.2778483629226685,1.2802081108093262
1373,1.2781485319137573,1.2805081605911255
1374,1.278448462486267,1.2808082103729248
1375,1.278748631477356,1.2811082601547241
1376,1.2790486812591553,1.2814083099365234
1377,1.2793487310409546,1.2817083597183228
1378,1.279648780822754,1.282008409500122
1379,1.2799487113952637,1.2823084592819214
1380,1.280248761177063,1.2826085090637207
1381,1.2805489301681519,1.28290855884552
1382,1.2808488607406616,1.2832086086273193
1383,1.2811490297317505,1.2835086584091187
1384,1.2814490795135498,1.283808708190918
1385,1.2817490100860596,1.2841087579727173
1386,1.2820490598678589,1.2844088077545166
1387,1.2823491096496582,1.284708857536316
1388,1.2826491594314575,1.2850089073181152
1389,1.2829493284225464,1.2853089570999146
1390,1.2832492589950562,1.2856090068817139
1391,1.283549427986145,1.2859090566635132
1392,1.2838494777679443,1.2862091064453125
1393,1.2841495275497437,1.2865091562271118
1394,1.284449577331543,1.2868092060089111
1395,1.2847495079040527,1.2871092557907104
1396,1.285049557685852,1.2874093055725098
1397,1.285349726676941,1.287709355354309
1398,1.2856496572494507,1.2880094051361084
1399,1.2859498262405396,1.2883094549179077
1400,1.2862498760223389,1.288609504699707
1401,1.2865498065948486,1.2889095544815063
1402,1.286849856376648,1.2892096042633057
1403,1.2871499061584473,1.289509654045105
1404,1.2874499559402466,1.2898097038269043
1405,1.2877501249313354,1.2901097536087036
1406,1.2880500555038452,1.290409803390503
1407,1.288350224494934,1.2907098531723022
1408,1.2886502742767334,1.2910099029541016
1409,1.2889503240585327,1.2913099527359009
1410,1.289250373840332,1.2916100025177002
1411,1.2895503044128418,1.2919100522994995
1412,1.2898503541946411,1.2922101020812988
1413,1.29015052318573,1.2925101518630981
1414,1.2904504537582397,1.2928102016448975
1415,1.2907506227493286,1.2931102514266968
1416,1.291050672531128,1.293410301208496
1417,1.2913506031036377,1.2937103509902954
1418,1.291650652885437,1.2940104007720947
1419,1.2919507026672363,1.294310450553894
1420,1.2922507524490356,1.2946105003356934
1421,1.2925509214401245,1.2949105501174927
1422,1.2928508520126343,1.295210599899292
1423,1.2931510210037231,1.2955106496810913
1424,1.2934510707855225,1.2958106994628906
1425,1.2937511205673218,1.29611074924469
1426,1.294051170349121,1.2964107990264893
1427,1.2943511009216309,1.2967108488082886
1428,1.2946511507034302,1.297010898590088
1429,1.294951319694519,1.2973109483718872
1430,1.2952512502670288,1.2976109981536865
1431,1.2955514192581177,1.2979110479354858
1432,1.295851469039917,1.2982110977172852
1433,1.2961513996124268,1.2985111474990845
1434,1.296451449394226,1.2988111972808838
1435,1.2967514991760254,1.299111247062683
1436,1.2970515489578247,1.2994112968444824
1437,1.2973517179489136,1.2997113466262817
1438,1.2976516485214233,1.300011396408081
1439,1.2979518175125122,1.3003114461898804
1440,1.2982518672943115,1.3006114959716797
1441,1.2985519170761108,1.300911545753479
1442,1.2988519668579102,1.3012115955352783
1443,1.29915189743042,1.3015116453170776
1444,1.2994519472122192,1.301811695098877
1445,1.299752116203308,1.3021117448806763
1446,1.3000520467758179,1.3024117946624756
1447,1.3003522157669067,1.302711844444275
1448,1.300652265548706,1.3030118942260742
1449,1.3009521961212158,1.3033119440078735
1450,1.3012522459030151,1.3036119937896729
1451,1.3015522956848145,1.3039120435714722
1452,1.3018523454666138,1.3042120933532715
1453,1.3021525144577026,1.3045121431350708
1454,1.3024524450302124,1.3048121929168701
1455,1.3027526140213013,1.3051122426986694
1456,1.3030526638031006,1.3054122924804688
1457,1.3033527135849,1.305712342262268
1458,1.3036527633666992,1.3060123920440674
1459,1.303952693939209,1.3063124418258667
1460,1.3042527437210083,1.306612491607666
1461,1.3045529127120972,1.3069125413894653
1462,1.304852843284607,1.3072125911712646
1463,1.3051530122756958,1.307512640953064
1464,1.3054530620574951,1.3078126907348633
1465,1.3057529926300049,1.3081127405166626
1466,1.3060530424118042,1.308412790298462
1467,1.3063530921936035,1.3087128400802612
1468,1.3066531419754028,1.3090128898620605
1469,1.3069533109664917,1.3093129396438599
1470,1.3072532415390015,1.3096129894256592
1471,1.3075534105300903,1.3099130392074585
1472,1.3078534603118896,1.3102130889892578
1473,1.308153510093689,1.3105131387710571
1474,1.3084535598754883,1.3108131885528564
1475,1.308753490447998,1.3111132383346558
1476,1.3090535402297974,1.311413288116455
1477,1.3093537092208862,1.3117133378982544
1478,1.309653639793396,1.3120133876800537
1479,1.3099538087844849,1.312313437461853
1480,1.3102538585662842,1.3126134872436523
1481,1.310553789138794,1.3129135370254517
1482,1.3108538389205933,1.313213586807251
1483,1.3111538887023926,1.3135136365890503
1484,1.311453938484192,1.3138136863708496
1485,1.3117541074752808,1.314113736152649
1486,1.3120540380477905,1.3144137859344482
1487,1.3123542070388794,1.3147138357162476
1488,1.3126542568206787,1.3150138854980469
1489,1.312954306602478,1.3153139352798462
1490,1.3132543563842773,1.3156139850616455
1491,1.313554286956787,1.3159140348434448
1492,1.3138543367385864,1.3162140846252441
1493,1.3141545057296753,1.3165141344070435
1494,1.314454436302185,1.3168141841888428
1495,1.314754605293274,1.317114233970642
1496,1.3150546550750732,1.3174142837524414
1497,1.315354585647583,1.3177143335342407
1498,1.3156546354293823,1.31801438331604
1499,1.3159546852111816,1.3183144330978394
1500,1.316254734992981,1.3186144828796387
1501,1.3165549039840698,1.318914532661438
1502,1.3168548345565796,1.3192145824432373
1503,1.3171550035476685,1.3195146322250366
1504,1.3174550533294678,1.319814682006836
1505,1.317755103111267,1.3201147317886353
1506,1.3180551528930664,1.3204147815704346
1507,1.3183550834655762,1.3207148313522339
1508,1.3186551332473755,1.3210148811340332
1509,1.3189553022384644,1.3213149309158325
1510,1.3192552328109741,1.3216149806976318
1511,1.319555401802063,1.3219150304794312
1512,1.3198554515838623,1.3222150802612305
1513,1.320155382156372,1.3225151300430298
1514,1.3204554319381714,1.322815179824829
1515,1.3207554817199707,1.3231152296066284
1516,1.32105553150177,1.3234152793884277
1517,1.3213557004928589,1.323715329170227
1518,1.3216556310653687,1.3240153789520264
1519,1.3219558000564575,1.3243154287338257
1520,1.3222558498382568,1.324615478515625
1521,1.3225558996200562,1.3249155282974243
1522,1.3228559494018555,1.3252155780792236
1523,1.3231558799743652,1.325515627861023
1524,1.3234559297561646,1.3258156776428223
1525,1.3237560987472534,1.3261157274246216
1526,1.3240560293197632,1.326415777206421
1527,1.324356198310852,1.3267158269882202
1528,1.3246562480926514,1.3270158767700195
1529,1.3249561786651611,1.3273159265518188
1530,1.3252562284469604,1.3276159763336182
1531,1.3255562782287598,1.3279160261154175
1532,1.325856328010559,1.3282160758972168
1533,1.326156497001648,1.3285161256790161
1534,1.3264564275741577,1.3288161754608154
1535,1.3267565965652466,1.3291162252426147
1536,1.327056646347046,1.329416275024414
1537,1.3273566961288452,1.3297163248062134
1538,1.3276567459106445,1.3300163745880127
1539,1.3279566764831543,1.330316424369812
1540,1.3282567262649536,1.3306164741516113
1541,1.3285568952560425,1.3309165239334106
1542,1.3288568258285522,1.33121657371521
1543,1.3291569948196411,1.3315166234970093
1544,1.3294570446014404,1.3318166732788086
1545,1.3297569751739502,1.332116723060608
1546,1.3300570249557495,1.3324167728424072
1547,1.3303570747375488,1.3327168226242065
1548,1.3306571245193481,1.3330168724060059
1549,1.330957293510437,1.3333169221878052
1550,1.3312572240829468,1.3336169719696045
1551,1.3315573930740356,1.3339170217514038
1552,1.331857442855835,1.3342170715332031
1553,1.3321574926376343,1.3345171213150024
1554,1.3324575424194336,1.3348171710968018
1555,1.3327574729919434,1.335117220878601
1556,1.3330575227737427,1.3354172706604004
1557,1.3333576917648315,1.3357173204421997
1558,1.3336575031280518,1.336017370223999
1559,1.3339577913284302,1.3363174200057983
1560,1.3342578411102295,1.3366174697875977
1561,1.3345577716827393,1.336917519569397
1562,1.3348579406738281,1.3372175693511963
1563,1.335157871246338,1.3375176191329956
1564,1.3354579210281372,1.337817668914795
1565,1.335758090019226,1.3381177186965942
1566,1.3360581398010254,1.3384177684783936
1567,1.3363581895828247,1.3387178182601929
1568,1.3366583585739136,1.3390178680419922
1569,1.3369581699371338,1.3393179178237915
1570,1.3372583389282227,1.3396179676055908
1571,1.3375582695007324,1.3399180173873901
1572,1.3378583192825317,1.3402180671691895
1573,1.3381584882736206,1.3405181169509888
1574,1.3384582996368408,1.340818166732788
1575,1.3387585878372192,1.3411182165145874
1576,1.339058756828308,1.3414182662963867
1577,1.3393585681915283,1.341718316078186
1578,1.3396587371826172,1.3420183658599854
1579,1.339958667755127,1.3423184156417847
1580,1.3402587175369263,1.342618465423584
1581,1.3405588865280151,1.3429185152053833
1582,1.3408589363098145,1.3432185649871826
1583,1.3411589860916138,1.343518614768982
1584,1.3414591550827026,1.3438186645507812
1585,1.3417589664459229,1.3441187143325806
1586,1.3420591354370117,1.3444187641143799
1587,1.3423590660095215,1.3447188138961792
1588,1.3426591157913208,1.3450188636779785
1589,1.3429592847824097,1.3453189134597778
1590,1.3432590961456299,1.3456189632415771
1591,1.3435593843460083,1.3459190130233765
1592,1.3438595533370972,1.3462190628051758
1593,1.3441593647003174,1.346519112586975
1594,1.3444595336914062,1.3468191623687744
1595,1.344759464263916,1.3471192121505737
1596,1.3450595140457153,1.347419261932373
1597,1.3453596830368042,1.3477193117141724
1598,1.3456597328186035,1.3480193614959717
1599,1.3459597826004028,1.348319411277771
1600,1.3462599515914917,1.3486194610595703
1601,1.346559762954712,1.3489195108413696
1602,1.3468599319458008,1.349219560623169
1603,1.3471598625183105,1.3495196104049683
1604,1.3474599123001099,1.3498196601867676
1605,1.3477600812911987,1.350119709968567
1606,1.348059892654419,1.3504197597503662
1607,1.3483601808547974,1.3507198095321655
1608,1.3486603498458862,1.3510198593139648
1609,1.3489601612091064,1.3513199090957642
1610,1.3492603302001953,1.3516199588775635
1611,1.349560260772705,1.3519200086593628
1612,1.3498603105545044,1.352220058441162
1613,1.3501604795455933,1.3525201082229614
1614,1.3504605293273926,1.3528201580047607
1615,1.350760579109192,1.35312020778656
1616,1.3510607481002808,1.3534202575683594
1617,1.351360559463501,1.3537203073501587
1618,1.3516607284545898,1.354020357131958
1619,1.3519606590270996,1.3543204069137573
1620,1.352260708808899,1.3546204566955566
1621,1.3525608777999878,1.354920506477356
1622,1.352860689163208,1.3552205562591553
1623,1.3531609773635864,1.3555206060409546
1624,1.3534611463546753,1.355820655822754
1625,1.3537609577178955,1.3561207056045532
1626,1.3540611267089844,1.3564207553863525
1627,1.3543610572814941,1.3567208051681519
1628,1.3546611070632935,1.3570208549499512
1629,1.3549612760543823,1.3573209047317505
1630,1.3552613258361816,1.3576209545135498
1631,1.355561375617981,1.3579210042953491
1632,1.3558615446090698,1.3582210540771484
1633,1.35616135597229,1.3585211038589478
1634,1.356461524963379,1.358821153640747
1635,1.3567614555358887,1.3591212034225464
1636,1.357061505317688,1.3594212532043457
1637,1.3573616743087769,1.359721302986145
1638,1.357661485671997,1.3600213527679443
1639,1.3579617738723755,1.3603214025497437
1640,1.3582619428634644,1.360621452331543
1641,1.3585617542266846,1.3609215021133423
1642,1.3588619232177734,1.3612215518951416
1643,1.3591618537902832,1.361521601676941
1644,1.3594619035720825,1.3618216514587402
1645,1.3597620725631714,1.3621217012405396
1646,1.3600621223449707,1.3624217510223389
1647,1.36036217212677,1.3627218008041382
1648,1.3606623411178589,1.3630218505859375
1649,1.360962152481079,1.3633219003677368
1650,1.361262321472168,1.3636219501495361
1651,1.3615622520446777,1.3639219999313354
1652,1.361862301826477,1.3642220497131348
1653,1.362162470817566,1.364522099494934
1654,1.3624622821807861,1.3648221492767334
1655,1.3627625703811646,1.3651221990585327
1656,1.3630627393722534,1.365422248840332
1657,1.3633625507354736,1.3657222986221313
1658,1.3636627197265625,1.3660223484039307
1659,1.3639626502990723,1.36632239818573
1660,1.3642627000808716,1.3666224479675293
1661,1.3645628690719604,1.3669224977493286
1662,1.3648629188537598,1.367222547531128
1663,1.365162968635559,1.3675225973129272
1664,1.365463137626648,1.3678226470947266
1665,1.3657629489898682,1.3681226968765259
1666,1.366063117980957,1.3684227466583252
1667,1.3663630485534668,1.3687227964401245
1668,1.3666630983352661,1.3690228462219238
1669,1.366963267326355,1.3693228960037231
1670,1.3672630786895752,1.3696229457855225
1671,1.3675633668899536,1.3699229955673218
1672,1.3678635358810425,1.370223045349121
1673,1.3681633472442627,1.3705230951309204
1674,1.3684635162353516,1.3708231449127197
1675,1.3687634468078613,1.371123194694519
1676,1.3690634965896606,1.3714232444763184
1677,1.3693636655807495,1.3717232942581177
1678,1.3696637153625488,1.372023344039917
1679,1.3699637651443481,1.3723233938217163
1680,1.370263934135437,1.3726234436035156
1681,1.3705637454986572,1.372923493385315
1682,1.370863914489746,1.3732235431671143
1683,1.3711638450622559,1.3735235929489136
1684,1.3714638948440552,1.373823642730713
1685,1.371764063835144,1.3741236925125122
1686,1.3720638751983643,1.3744237422943115
1687,1.3723641633987427,1.3747237920761108
1688,1.3726643323898315,1.3750238418579102
1689,1.3729641437530518,1.3753238916397095
1690,1.3732643127441406,1.3756239414215088
1691,1.3735642433166504,1.375923991203308
1692,1.3738642930984497,1.3762240409851074
1693,1.3741644620895386,1.3765240907669067
1694,1.374464511871338,1.376824140548706
1695,1.3747645616531372,1.3771241903305054
1696,1.375064730644226,1.3774242401123047
1697,1.3753645420074463,1.377724289894104
1698,1.3756647109985352,1.3780243396759033
1699,1.375964641571045,1.3783243894577026
1700,1.3762646913528442,1.378624439239502
1701,1.376564860343933,1.3789244890213013
1702,1.3768646717071533,1.3792245388031006
1703,1.3771649599075317,1.3795245885849
1704,1.3774651288986206,1.3798246383666992
1705,1.3777649402618408,1.3801246881484985
1706,1.3780651092529297,1.3804247379302979
1707,1.3783650398254395,1.3807247877120972
1708,1.3786650896072388,1.3810248374938965
1709,1.3789652585983276,1.3813248872756958
1710,1.379265308380127,1.3816249370574951
1711,1.3795653581619263,1.3819249868392944
1712,1.3798655271530151,1.3822250366210938
1713,1.3801653385162354,1.382525086402893
1714,1.3804655075073242,1.3828251361846924
1715,1.380765438079834,1.3831251859664917
1716,1.3810654878616333,1.383425235748291
1717,1.3813656568527222,1.3837252855300903
1718,1.3816654682159424,1.3840253353118896
1719,1.3819657564163208,1.384325385093689
1720,1.3822659254074097,1.3846254348754883
1721,1.3825657367706299,1.3849254846572876
1722,1.3828659057617188,1.385225534439087
1723,1.3831658363342285,1.3855255842208862
1724,1.3834658861160278,1.3858256340026855
1725,1.3837660551071167,1.3861256837844849
1726,1.384066104888916,1.3864257335662842
1727,1.3843661546707153,1.3867257833480835
1728,1.3846663236618042,1.3870258331298828
1729,1.3849661350250244,1.3873258829116821
1730,1.3852663040161133,1.3876259326934814
1731,1.385566234588623,1.3879259824752808
1732,1.3858662843704224,1.38822603225708
1733,1.3861664533615112,1.3885260820388794
1734,1.3864662647247314,1.3888261318206787
1735,1.3867665529251099,1.389126181602478
1736,1.3870667219161987,1.3894262313842773
1737,1.387366533279419,1.3897262811660767
1738,1.3876667022705078,1.390026330947876
1739,1.3879666328430176,1.3903263807296753
1740,1.388266682624817,1.3906264305114746
1741,1.3885668516159058,1.390926480293274
1742,1.388866901397705,1.3912265300750732
1743,1.3891669511795044,1.3915265798568726
1744,1.3894671201705933,1.3918266296386719
1745,1.3897669315338135,1.3921266794204712
1746,1.3900671005249023,1.3924267292022705
1747,1.390367031097412,1.3927267789840698
1748,1.3906670808792114,1.3930268287658691
1749,1.3909672498703003,1.3933268785476685
1750,1.3912670612335205,1.3936269283294678
1751,1.391567349433899,1.393926978111267
1752,1.3918675184249878,1.3942270278930664
1753,1.392167329788208,1.3945270776748657
1754,1.3924674987792969,1.394827127456665
1755,1.3927674293518066,1.3951271772384644
1756,1.393067479133606,1.3954272270202637
1757,1.3933676481246948,1.395727276802063
1758,1.3936676979064941,1.3960273265838623
1759,1.3939677476882935,1.3963273763656616
1760,1.3942679166793823,1.396627426147461
1761,1.3945677280426025,1.3969274759292603
1762,1.3948678970336914,1.3972275257110596
1763,1.3951678276062012,1.3975275754928589
1764,1.3954678773880005,1.3978276252746582
1765,1.3957680463790894,1.3981276750564575
1766,1.3960678577423096,1.3984277248382568
1767,1.396368145942688,1.3987277746200562
1768,1.3966683149337769,1.3990278244018555
1769,1.396968126296997,1.3993278741836548
1770,1.397268295288086,1.399627923965454
1771,1.3975682258605957,1.3999279737472534
1772,1.397868275642395,1.4002280235290527
1773,1.3981684446334839,1.400528073310852
1774,1.3984684944152832,1.4008281230926514
1775,1.3987685441970825,1.4011281728744507
1776,1.3990687131881714,1.40142822265625
1777,1.3993685245513916,1.4017282724380493
1778,1.3996686935424805,1.4020283222198486
1779,1.3999686241149902,1.402328372001648
1780,1.4002686738967896,1.4026284217834473
1781,1.4005688428878784,1.4029284715652466
1782,1.4008686542510986,1.403228521347046
1783,1.401168942451477,1.4035285711288452
1784,1.401469111442566,1.4038286209106445
1785,1.4017689228057861,1.4041286706924438
1786,1.402069091796875,1.4044287204742432
1787,1.4023690223693848,1.4047287702560425
1788,1.402669072151184,1.4050288200378418
1789,1.402969241142273,1.4053288698196411
1790,1.4032692909240723,1.4056289196014404
1791,1.4035693407058716,1.4059289693832397
1792,1.4038695096969604,1.406229019165039
1793,1.4041693210601807,1.4065290689468384
1794,1.4044694900512695,1.4068291187286377
1795,1.4047694206237793,1.407129168510437
1796,1.4050694704055786,1.4074292182922363
1797,1.4053696393966675,1.4077292680740356
1798,1.4056694507598877,1.408029317855835
1799,1.4059697389602661,1.4083293676376343
1800,1.406269907951355,1.4086294174194336
1801,1.4065697193145752,1.408929467201233
1802,1.406869888305664,1.4092295169830322
1803,1.4071698188781738,1.4095295667648315
1804,1.4074698686599731,1.4098296165466309
1805,1.407770037651062,1.4101296663284302
1806,1.4080700874328613,1.4104297161102295
1807,1.4083701372146606,1.4107297658920288
1808,1.4086703062057495,1.4110298156738281
1809,1.4089701175689697,1.4113298654556274
1810,1.4092702865600586,1.4116299152374268
1811,1.4095702171325684,1.411929965019226
1812,1.4098702669143677,1.4122300148010254
1813,1.4101704359054565,1.4125300645828247
1814,1.4104702472686768,1.412830114364624
1815,1.4107705354690552,1.4131301641464233
1816,1.411070704460144,1.4134302139282227
1817,1.4113705158233643,1.413730263710022
1818,1.4116706848144531,1.4140303134918213
1819,1.411970615386963,1.4143303632736206
1820,1.4122706651687622,1.41463041305542
1821,1.412570834159851,1.4149304628372192
1822,1.4128708839416504,1.4152305126190186
1823,1.4131709337234497,1.4155305624008179
1824,1.4134711027145386,1.4158306121826172
1825,1.4137709140777588,1.4161306619644165
1826,1.4140710830688477,1.4164307117462158
1827,1.4143710136413574,1.4167307615280151
1828,1.4146710634231567,1.4170308113098145
1829,1.4149712324142456,1.4173308610916138
1830,1.4152710437774658,1.417630910873413
1831,1.4155713319778442,1.4179309606552124
1832,1.415871500968933,1.4182310104370117
1833,1.4161713123321533,1.418531060218811
1834,1.4164714813232422,1.4188311100006104
1835,1.416771411895752,1.4191311597824097
1836,1.4170714616775513,1.419431209564209
1837,1.4173716306686401,1.4197312593460083
1838,1.4176716804504395,1.4200313091278076
1839,1.4179717302322388,1.420331358909607
1840,1.4182718992233276,1.4206314086914062
1841,1.4185717105865479,1.4209314584732056
1842,1.4188718795776367,1.4212315082550049
1843,1.4191718101501465,1.4215315580368042
1844,1.4194718599319458,1.4218316078186035
1845,1.4197720289230347,1.4221316576004028
1846,1.4200718402862549,1.4224317073822021
1847,1.4203721284866333,1.4227317571640015
1848,1.4206722974777222,1.4230318069458008
1849,1.4209721088409424,1.4233318567276
1850,1.4212722778320312,1.4236319065093994
1851,1.421572208404541,1.4239319562911987
1852,1.4218722581863403,1.424232006072998
1853,1.4221724271774292,1.4245320558547974
1854,1.4224724769592285,1.4248321056365967
1855,1.4227725267410278,1.425132155418396
1856,1.4230726957321167,1.4254322052001953
1857,1.423372507095337,1.4257322549819946
1858,1.4236726760864258,1.426032304763794
1859,1.4239726066589355,1.4263323545455933
1860,1.4242726564407349,1.4266324043273926
1861,1.4245728254318237,1.426932454109192
1862,1.424872636795044,1.4272325038909912
1863,1.4251729249954224,1.4275325536727905
1864,1.4254730939865112,1.4278326034545898
1865,1.4257729053497314,1.4281326532363892
1866,1.4260730743408203,1.4284327030181885
1867,1.42637300491333,1.4287327527999878
1868,1.4266730546951294,1.429032802581787
1869,1.4269732236862183,1.4293328523635864
1870,1.4272732734680176,1.4296329021453857
1871,1.427573323249817,1.429932951927185
1872,1.4278734922409058,1.4302330017089844
1873,1.428173303604126,1.4305330514907837
1874,1.4284734725952148,1.430833101272583
1875,1.4287734031677246,1.4311331510543823
1876,1.429073452949524,1.4314332008361816
1877,1.4293736219406128,1.431733250617981
1878,1.429673433303833,1.4320333003997803
1879,1.4299737215042114,1.4323333501815796
1880,1.4302738904953003,1.432633399963379
1881,1.4305737018585205,1.4329334497451782
1882,1.4308738708496094,1.4332334995269775
1883,1.4311738014221191,1.4335335493087769
1884,1.4314738512039185,1.4338335990905762
1885,1.4317740201950073,1.4341336488723755
1886,1.4320740699768066,1.4344336986541748
1887,1.432374119758606,1.4347337484359741
1888,1.4326742887496948,1.4350337982177734
1889,1.432974100112915,1.4353338479995728
1890,1.433274269104004,1.435633897781372
1891,1.4335741996765137,1.4359339475631714
1892,1.433874249458313,1.4362339973449707
1893,1.4341744184494019,1.43653404712677
1894,1.434474229812622,1.4368340969085693
1895,1.4347745180130005,1.4371341466903687
1896,1.4350746870040894,1.437434196472168
1897,1.4353744983673096,1.4377342462539673
1898,1.4356746673583984,1.4380342960357666
1899,1.4359745979309082,1.438334345817566
1900,1.4362746477127075,1.4386343955993652
1901,1.4365748167037964,1.4389344453811646
1902,1.4368748664855957,1.4392344951629639
1903,1.437174916267395,1.4395345449447632
1904,1.4374750852584839,1.4398345947265625
1905,1.437774896621704,1.4401346445083618
1906,1.438075065612793,1.4404346942901611
1907,1.4383749961853027,1.4407347440719604
1908,1.438675045967102,1.4410347938537598
1909,1.438975214958191,1.441334843635559
1910,1.4392750263214111,1.4416348934173584
1911,1.4395753145217896,1.4419349431991577
1912,1.4398754835128784,1.442234992980957
1913,1.4401752948760986,1.4425350427627563
1914,1.4404754638671875,1.4428350925445557
1915,1.4407753944396973,1.443135142326355
1916,1.4410754442214966,1.4434351921081543
1917,1.4413756132125854,1.4437352418899536
1918,1.4416756629943848,1.444035291671753
1919,1.441975712776184,1.4443353414535522
1920,1.442275881767273,1.4446353912353516
1921,1.4425756931304932,1.4449354410171509
1922,1.442875862121582,1.4452354907989502
1923,1.4431757926940918,1.4455355405807495
1924,1.4434758424758911,1.4458355903625488
1925,1.44377601146698,1.4461356401443481
1926,1.4440758228302002,1.4464356899261475
1927,1.4443761110305786,1.4467357397079468
1928,1.4446762800216675,1.447035789489746
1929,1.4449760913848877,1.4473358392715454
1930,1.4452762603759766,1.4476358890533447
1931,1.4455761909484863,1.447935938835144
1932,1.4458762407302856,1.4482359886169434
1933,1.4461764097213745,1.4485360383987427
1934,1.4464764595031738,1.448836088180542
1935,1.4467765092849731,1.4491361379623413
1936,1.447076678276062,1.4494361877441406
1937,1.4473764896392822,1.44973623752594
1938,1.447676658630371,1.4500362873077393
1939,1.4479765892028809,1.4503363370895386
1940,1.4482766389846802,1.450636386871338
1941,1.448576807975769,1.4509364366531372
1942,1.4488766193389893,1.4512364864349365
1943,1.4491769075393677,1.4515365362167358
1944,1.4494770765304565,1.4518365859985352
1945,1.4497768878936768,1.4521366357803345
1946,1.4500770568847656,1.4524366855621338
1947,1.4503769874572754,1.452736735343933
1948,1.4506770372390747,1.4530367851257324
1949,1.4509772062301636,1.4533368349075317
1950,1.451277256011963,1.453636884689331
1951,1.4515773057937622,1.4539369344711304
1952,1.451877474784851,1.4542369842529297
1953,1.4521772861480713,1.454537034034729
1954,1.4524774551391602,1.4548370838165283
1955,1.45277738571167,1.4551371335983276
1956,1.4530774354934692,1.455437183380127
1957,1.453377604484558,1.4557372331619263
1958,1.4536774158477783,1.4560372829437256
1959,1.4539777040481567,1.456337332725525
1960,1.4542778730392456,1.4566373825073242
1961,1.4545776844024658,1.4569374322891235
1962,1.4548778533935547,1.4572374820709229
1963,1.4551777839660645,1.4575375318527222
1964,1.4554778337478638,1.4578375816345215
1965,1.4557780027389526,1.4581376314163208
1966,1.456078052520752,1.4584376811981201
1967,1.4563781023025513,1.4587377309799194
1968,1.4566782712936401,1.4590377807617188
1969,1.4569780826568604,1.459337830543518
1970,1.4572782516479492,1.4596378803253174
1971,1.457578182220459,1.4599379301071167
1972,1.4578782320022583,1.460237979888916
1973,1.4581784009933472,1.4605380296707153
1974,1.4584782123565674,1.4608380794525146
1975,1.4587785005569458,1.461138129234314
1976,1.4590786695480347,1.4614381790161133
1977,1.4593784809112549,1.4617382287979126
1978,1.4596786499023438,1.462038278579712
1979,1.4599785804748535,1.4623383283615112
1980,1.4602786302566528,1.4626383781433105
1981,1.4605787992477417,1.4629384279251099
1982,1.460878849029541,1.4632384777069092
1983,1.4611788988113403,1.4635385274887085
1984,1.4614790678024292,1.4638385772705078
1985,1.4617788791656494,1.4641386270523071
1986,1.4620790481567383,1.4644386768341064
1987,1.462378978729248,1.4647387266159058
1988,1.4626790285110474,1.465038776397705
1989,1.4629791975021362,1.4653388261795044
1990,1.4632790088653564,1.4656388759613037
1991,1.4635792970657349,1.465938925743103
1992,1.4638794660568237,1.4662389755249023
1993,1.464179277420044,1.4665390253067017
1994,1.4644794464111328,1.466839075088501
1995,1.4647793769836426,1.4671391248703003
1996,1.465079426765442,1.4674391746520996
1997,1.4653795957565308,1.467739224433899
1998,1.46567964553833,1.4680392742156982
1999,1.4659796953201294,1.4683393239974976
