Step,Intensity,Error,Confidence,RelError
0,0.1,0.01036098599433899,0.9897452631901238,0.10360882385515133
1,0.11799880002399978,0.010274481028318405,0.9898300103375268,0.08707202068332909
2,0.13599040076797075,0.013891714625060558,0.9862986210216761,0.10215141947660848
3,0.15396760583150015,0.011823348701000214,0.9883148093823104,0.07679064597064304
4,0.17192322457225545,0.02648765966296196,0.9741958323476982,0.15406589576810834
5,0.18985007498214534,0.038088057190179825,0.9633094158762661,0.20062070859362707
6,0.20774098656002743,0.038857974112033844,0.9625954893928135,0.18704920827743102
7,0.22558880317981286,0.0721350908279419,0.9327182820103047,0.3197621958579597
8,0.2433863859528214,0.08815839886665344,0.9189838547784286,0.3622143297259547
9,0.2611266160832418,0.10443791002035141,0.9054379525794918,0.3999496935133008
10,0.2788023977155551,0.09098736196756363,0.9166009019541064,0.3263495449233804
11,0.29640666077278244,0.08997996151447296,0.9174480589629829,0.3035682724254857
12,0.31393236378442113,0.06454772502183914,0.9393660579937692,0.20560963716543437
13,0.3313724967029396,0.05716162919998169,0.9459291487497145,0.17249909775139424
14,0.3487200837077024,0.032742179930210114,0.9682958820056883,0.0938921718815676
15,0.36596818599520564,0.032388173043727875,0.9686279115846128,0.08849972698016215
16,0.383109904554506,0.03022516518831253,0.9706615930093421,0.07889403519709091
17,0.400138382926733,0.02927562966942787,0.9715570554421556,0.0731635797888666
18,0.4170468099475809,0.03137437254190445,0.9695800347796312,0.0752296782132675
19,0.4338284224716844,0.035415541380643845,0.9657958182340782,0.08163471527327168
20,0.4504765080777855,0.034044958651065826,0.9670759396230912,0.07557526855522201
21,0.46698440775361316,0.051804069429636,0.9507474149080561,0.11093295115758398
22,0.48334551855939967,0.05417119339108467,0.9486125273288626,0.11207527376537303
23,0.49955329626896783,0.0656539648771286,0.9383909157747106,0.13142508305399397
24,0.5156012579873346,0.09178650379180908,0.9159299886259523,0.17801804078612812
25,0.5314829847437827,0.08877517282962799,0.918463264919139,0.16703263951109387
26,0.5471921240593631,0.10246336460113525,0.907059619492929,0.18725265376327965
27,0.5627223924878018,0.09934965521097183,0.9096287020784974,0.17655149321542635
28,0.5780675781287951,0.12253900617361069,0.8908376408305771,0.2119800501356929
29,0.5932215431126863,0.1411207616329193,0.8763314397759457,0.23788840001333622
30,0.6081782260555318,0.14038801193237305,0.8768945214581068,0.23083329044776424
31,0.6229316444835745,0.1376405507326126,0.8790122674126063,0.22095575171970605
32,0.6374758972261529,0.14290426671504974,0.8749639222838961,0.22417167953359202
33,0.6518051667760905,0.13833147287368774,0.8784787417636152,0.21222792898369064
34,0.6659137216166218,0.11714167892932892,0.89514160903781,0.17591093142519432
35,0.679795918513922,0.09184737503528595,0.9158789248979807,0.13511001967480227
36,0.6934462047743258,0.11387220770120621,0.8977690556296273,0.16421179134792901
37,0.7068591204653305,0.11752201616764069,0.8948369567065325,0.1662592255031663
38,0.7200293005994962,0.08378332108259201,0.9226936607596979,0.11636082677747607
39,0.7329514772803692,0.10084567219018936,0.90839254335301,0.1375882820730461
40,0.7456204818095705,0.07325179129838943,0.9317478042969102,0.09824259773285035
41,0.7580312467542062,0.08590992540121078,0.9208866929092027,0.11333281106320439
42,0.7701788079737734,0.06413746625185013,0.9397282134255099,0.08327596437588529
43,0.7820583066057493,0.06698291748762131,0.9372221275619453,0.08564940909448016
44,0.7936649910090724,0.09067342430353165,0.9168647348665044,0.11424632695707275
45,0.8049942186647351,0.09869637340307236,0.9101695647748678,0.12260491878048965
46,0.8160414580327294,0.08100011944770813,0.9250692779857492,0.09925968759392592
47,0.8268022903646028,0.08732245117425919,0.9196903815607276,0.1056145424091767
48,0.8372724114708985,0.08954465389251709,0.9178146085407247,0.1069479248543287
49,0.8474476334427734,0.08578519523143768,0.9209924802730872,0.10122760465484967
50,0.8573238863271069,0.09548209607601166,0.9128401126608768,0.11137212694836093
51,0.8668972197544267,0.10399511456489563,0.9058011098120828,0.11996231183212623
52,0.8761638045190046,0.09876808524131775,0.9101101619459344,0.11272774794410885
53,0.8851199341104876,0.10993965715169907,0.90094987917287,0.12420862835221966
54,0.8937620261964527,0.10258418321609497,0.9069602260057185,0.11477783283635919
55,0.9020866240552918,0.08412446826696396,0.9224033118619287,0.09325531802419196
56,0.9100903979588546,0.0641244649887085,0.939739694839749,0.0704593682925982
57,0.9177701465042949,0.07248226553201675,0.9324163504968904,0.07897640474762688
58,0.9251227978945902,0.08475469797849655,0.9218674063947897,0.09161443924735531
59,0.9321454111672183,0.08343685418367386,0.9229887243899044,0.08951046014241004
60,0.9388351773705037,0.07649248093366623,0.9289428562777117,0.08147585572160916
61,0.9451894206871608,0.08889173716306686,0.9183649447146508,0.09404637966859829
62,0.951205599504585,0.0720730796456337,0.932772232589352,0.07577016358293916
63,0.9568813074314642,0.07694880664348602,0.9285492437813163,0.0804161661741221
64,0.9622142742603024,0.0744767114520073,0.9306855973161463,0.0774012982793906
65,0.9672023668754737,0.0688934177160263,0.9355469716866296,0.07122950568150395
66,0.9718435901064387,0.08692831546068192,0.9200238744136146,0.08944672465703732
67,0.9761360875257874,0.07579491287469864,0.9295452023730413,0.0776478159095623
68,0.9800781421917846,0.09171811491250992,0.9159873655482393,0.09358235571404729
69,0.9836681773351237,0.08295972645282745,0.9233953724903905,0.08433701936008117
70,0.9869047569896141,0.08165916055440903,0.9245056450938258,0.08274261242886678
71,0.9897865865665477,0.07983408868312836,0.9260681899934395,0.08065779947803049
72,0.9923125133725178,0.07220308482646942,0.9326591334717572,0.07276237182448218
73,0.9944815270704803,0.0896061584353447,0.9177628010436197,0.0901033009592477
74,0.996292760083876,0.08554601669311523,0.921195402702768,0.08586425020459154
75,0.997745487943649,0.08625594526529312,0.9205933503597745,0.08645076310222473
76,0.9988391295780247,0.07752059400081635,0.9280565082167166,0.07761061225440162
77,0.9995732475449312,0.11344967782497406,0.8981097394122131,0.11349799987706712
78,0.9999475482069696,0.10690304636955261,0.903421490508879,0.10690854700598634
79,0.999961881848866,0.10482259094715118,0.9051226940813294,0.10482648191234964
80,0.9996162427373546,0.08877616375684738,0.9184624289986997,0.08881015648924032
81,0.9989107691234715,0.0924106016755104,0.9154067147153521,0.09251127530172076
82,0.9978457431872563,0.09783446788787842,0.9108841353140406,0.09804558521219602
83,0.996421590924883,0.0728825032711029,0.9320685135148611,0.07314416988825304
84,0.9946388819782683,0.11013662070035934,0.900790030121809,0.11073014735876607
85,0.9924983294072217,0.09739506989717484,0.9112488541557776,0.09813111909641775
86,0.9900007894042313,0.10282387584447861,0.9067631032509683,0.1038623131240566
87,0.9871472609519981,0.09302040934562683,0.9148959996078055,0.09423144731665603
88,0.9839388854238567,0.10962997376918793,0.9012013226383953,0.1114193818070116
89,0.9803769461272401,0.12843309342861176,0.886184573833808,0.13100365418862944
90,0.9764628677903756,0.1018735021352768,0.9075451928575647,0.10432900335145498
91,0.9721982159924106,0.08876337856054306,0.9184732143747365,0.09130163561172423
92,0.9675846965372032,0.09097053855657578,0.9166150364821624,0.09401806876862819
93,0.9626241547710227,0.09829067438840866,0.9105057734892062,0.10210690412696397
94,0.9573185748444358,0.10009180754423141,0.9090150414194345,0.10455422637784911
95,0.9516700789186731,0.08973072469234467,0.9176578923039197,0.09428753976037636
96,0.9456809263167925,0.10342076420783997,0.9062725955840726,0.10936104553741383
97,0.9393535126199805,0.09834247082471848,0.9104628351930382,0.1046915403114727
98,0.9326903687093514,0.09837296605110168,0.9104375571034176,0.10547215225892909
99,0.9256941597536288,0.08976736664772034,0.9176270372970907,0.09697292429573864
100,0.9183676841431135,0.10533727705478668,0.904701235322976,0.11470042355927229
101,0.9107138723703645,0.09711046516895294,0.9114852439640176,0.10663103032038834
102,0.9027357858580416,0.10879398882389069,0.9018807912736886,0.12051573673325294
103,0.8944366157343766,0.1025722548365593,0.9069700381207542,0.11467793061491774
104,0.8858196815567648,0.0873679518699646,0.9196518972996064,0.09862938819222626
105,0.8768884299839863,0.09257853776216507,0.9152660110349726,0.10557606762788295
106,0.8676464333975885,0.12447640299797058,0.8893027877987447,0.1434642669437032
107,0.8580973884729811,0.09491285681724548,0.9133146932869676,0.11060836157278717
108,0.8482451147008148,0.10209903866052628,0.9073594703570236,0.12036487629128448
109,0.8380935528592367,0.0772242471575737,0.9283118186753203,0.09214264296804707
110,0.8276467634376311,0.07633192837238312,0.929081423341393,0.0922275534888644
111,0.8169089250124779,0.07801132649183273,0.9276340381824144,0.09549562822442284
112,0.8058843325759778,0.08106815069913864,0.9250110636903779,0.10059514352992104
113,0.7945773958181134,0.08850373327732086,0.9186923015772767,0.1113845200714219
114,0.7829926373628298,0.076083704829216,0.9292957374154354,0.09717027214355221
115,0.7711346909590482,0.08958566933870316,0.9177800590998274,0.11617367784817093
116,0.7590082996272263,0.09003110975027084,0.9174050089534626,0.11861660956524248
117,0.7466183137622137,0.07851261645555496,0.9272028762041001,0.1051574946004678
118,0.7339696891931585,0.08078011125326157,0.9252575890209621,0.11005904246947758
119,0.7210674852012428,0.08228705823421478,0.9239692855900276,0.11411822860521953
120,0.7079168624960358,0.07261168956756592,0.9323038427850436,0.10257078315773184
121,0.6945230811512807,0.060861341655254364,0.9426302578239935,0.0876302828180807
122,0.6808914985009337,0.0659804418683052,0.9381035155272983,0.09690287675891428
123,0.667027566996303,0.06057191640138626,0.9428874973354828,0.0908085791200034
124,0.6529368320251405,0.06129252538084984,0.9422472844055368,0.09387191609153052
125,0.6386249296935608,0.06564661860466003,0.9383973847816299,0.10279353773837527
126,0.6240975845716736,0.06539800018072128,0.9386163666820964,0.10478793222324757
127,0.6093606074038325,0.059057898819446564,0.944235438982817,0.09691765628468298
128,0.594419892784414,0.0594005212187767,0.9439300623050101,0.09993006965238052
129,0.5792814168000591,0.05263153836131096,0.9500000366289183,0.09085644037332637
130,0.5639512346393177,0.061510492116212845,0.942053806747038,0.10907039344485016
131,0.5484354781706547,0.04970264807343483,0.9526507357443974,0.09062607986839463
132,0.5327403534897834,0.05744955316185951,0.9456715897320296,0.10783760784765367
133,0.5168721384373107,0.0581686869263649,0.9450289092419414,0.11253958196053541
134,0.5008371800876841,0.04661564156413078,0.9554605915362918,0.09307525547666826
135,0.48464189221044685,0.050993070006370544,0.9514810597123524,0.10521782290831119
136,0.46829275270481563,0.04820123314857483,0.9540152867366999,0.10292948148500713
137,0.451796301008607,0.048887453973293304,0.9533911347799017,0.10820660916777361
138,0.43515913548255014,0.04583115130662918,0.9561772937731209,0.10532019725521712
139,0.41838791077102877,0.05314846709370613,0.9495337374032591,0.12703125184594732
140,0.4014893351403146,0.04931415989995003,0.9530034361638158,0.12282776341979815
141,0.3844701677953485,0.05584915354847908,0.947104988093439,0.14526226730792782
142,0.36733721617614923,0.051370199769735336,0.9511397604944613,0.13984441995847732
143,0.3500973332349281,0.05565226823091507,0.9472816287088756,0.15896182000264045
144,0.33275741469499975,0.06094101071357727,0.9425594730544076,0.1831389020453012
145,0.3153243962925842,0.05410908907651901,0.9486684161656146,0.1715976249065339
146,0.29780525100260524,0.061591435223817825,0.9419819780188483,0.20681713367822835
147,0.2802069862495935,0.0721341148018837,0.9327191311180195,0.257430617047548
148,0.2625366411048096,0.08549223840236664,0.9212410412734092,0.3256380229615785
149,0.2448012834707102,0.07456475496292114,0.930609342416508,0.3045917460645034
150,0.2270080072538805,0.0655374825000763,0.9384934987492835,0.2886999211744097
151,0.2091639295275668,0.06708972901105881,0.9371283152793203,0.32075037226647857
152,0.19127618768494167,0.06061618775129318,0.9428481401176697,0.31690233678642277
153,0.17335193658424222,0.06728458404541016,0.9369572229832307,0.3881363960206851
154,0.15539834568692185,0.06538120657205582,0.9386311620960306,0.42073025650814044
155,0.13742259618996144,0.07016318291425705,0.9344369307088388,0.5105613945458833
156,0.11943187815348637,0.08288417011499405,0.923459800777961,0.6939811833763011
157,0.10143338762483815,0.07802702486515045,0.9276205298518274,0.7692364166848289
158,0.11656567623974844,0.0739455595612526,0.9311458957086595,0.6343627694176088
159,0.13455811405471185,0.07323688268661499,0.9317607474472156,0.5442729257033961
160,0.15253672908482208,0.0608096644282341,0.9426761779541197,0.3986532695423799
161,0.1704943301237788,0.07291136682033539,0.9320434389315732,0.4276443628538218
162,0.1884237343705978,0.06614434719085693,0.9379592947567201,0.35103855877415124
163,0.20631777030263565,0.07417905330657959,0.9309434930068328,0.3595361352618142
164,0.22416928054410418,0.06931314617395401,0.9351797493353942,0.30919864134406105
165,0.2419711247289234,0.07959548383951187,0.9262728632798317,0.3289448482079542
166,0.25971618235677413,0.07235854864120483,0.932523922401802,0.2786051657599062
167,0.2773973556412028,0.07654692232608795,0.9288958792797498,0.27594584023092245
168,0.29500757234864167,0.07587464898824692,0.9294763111487017,0.2571947261877466
169,0.3125397886272073,0.07614690810441971,0.9292411588687749,0.2436383053837056
170,0.32998699182414815,0.0671582967042923,0.9370681023502347,0.20351739568778374
171,0.34734220329081167,0.058696597814559937,0.9445576778694427,0.1689873222174912
172,0.36459848117401084,0.07200354337692261,0.9328327375205272,0.1974866863361163
173,0.3817489231926732,0.06399566680192947,0.9398534516646272,0.1676376677871136
174,0.3987866693986607,0.04936295375227928,0.9529591228890169,0.12378254780724438
175,0.4157049049206578,0.06146036833524704,0.9420982919676605,0.14784579099730963
176,0.4324968626900294,0.07385308295488358,0.931226082853285,0.17075941715766113
177,0.44915582614755734,0.06162072718143463,0.9419559871018763,0.13719200865755282
178,0.4656751319299751,0.06359672546386719,0.9402059785054991,0.13656857438729625
179,0.48204817253522436,0.06188638508319855,0.9417203328411168,0.12838189257274657
180,0.49826839896536723,0.050441667437553406,0.9519805154334741,0.10123372525443693
181,0.5143293233460985,0.06603439152240753,0.938056040173241,0.12838906929073335
182,0.5302245215218085,0.055855315178632736,0.9470994610950242,0.10534256257284923
183,0.5459476356251605,0.05581451207399368,0.9471360627878147,0.10223399864362885
184,0.5614923766201514,0.06439173966646194,0.939503720982803,0.11467942872997193
185,0.5768525268176441,0.06338785588741302,0.9403906528211055,0.10988553062526615
186,0.5920219423623585,0.059978414326906204,0.9434154379785243,0.10131096286163065
187,0.606994555690333,0.055493615567684174,0.9474240158829974,0.09142342978866058
188,0.6217643779558685,0.06669838726520538,0.9374721213967462,0.10727259771923081
189,0.6363255014269875,0.07077471166849136,0.9339032656475333,0.111223894509778
190,0.650672101848447,0.061135563999414444,0.9423866600333375,0.09395741705894885
191,0.664798440771364,0.06243838742375374,0.9412310509834297,0.09392063770587222
192,0.678698867848518,0.072848379611969,0.932098159445124,0.10733519050607557
193,0.6923678230944145,0.06788893789052963,0.9364269677475683,0.09805314108037472
194,0.7057998391092055,0.0781327486038208,0.9275295656263085,0.11070084402624471
195,0.7189895432655764,0.08509213477373123,0.9215807284498703,0.1183494491975542
196,0.7319316598577249,0.09958862513303757,0.9094310155118343,0.1360625513724116
197,0.7446210122115735,0.0806172713637352,0.9253970175194438,0.10826603302297888
198,0.7570525247553695,0.08921466767787933,0.9180926677492527,0.11784459719239496
199,0.7692212250498471,0.07809580117464066,0.927561352998916,0.10152566921682468
200,0.7811222457771354,0.09494198113679886,0.9132904000646431,0.12154545604687718
201,0.7927508266876214,0.10565675050020218,0.904439826869955,0.13327846993638717
202,0.8041023165039876,0.11094903200864792,0.9001313032263534,0.13797857779149916
203,0.8151721747816572,0.11251188069581985,0.8988668052466555,0.1380220598230014
204,0.8259559737249165,0.09687398374080658,0.9116817563578041,0.11728696145505309
205,0.8364493999579692,0.1062832698225975,0.9039276171647782,0.1270646410449898
206,0.8466482562502338,0.10241542756557465,0.9070990617468634,0.12096559089789712
207,0.8565484631951751,0.09237848222255707,0.9154336306271765,0.10784955941476963
208,0.8661460608420171,0.08269985020160675,0.92361701150489,0.0954801487419594
209,0.8754372102796665,0.09776973724365234,0.9109378461378079,0.11168091145167051
210,0.8844181951722294,0.09822361171245575,0.9105613732350044,0.11106001797408745
211,0.8930854232454928,0.1021992564201355,0.9072769684566189,0.11443378127812254
212,0.9014354277237896,0.09863998740911484,0.9102162778165993,0.10942533979705028
213,0.9094648687166599,0.10286781936883926,0.9067269734756523,0.11310794929995034
214,0.9171705345547648,0.10763198882341385,0.902826940798499,0.11735208166448724
215,0.9245493430745094,0.10643580555915833,0.9038029996639805,0.11512169819245924
216,0.9315983428508691,0.09715171158313751,0.9114509775107107,0.10428486487102386
217,0.9383147143779182,0.11393418908119202,0.8977191020816333,0.12142415109900165
218,0.9446957711965971,0.10451193153858185,0.9053772724817947,0.11063013521915836
219,0.950738960969257,0.09485887736082077,0.9133597221319701,0.09977373546402149
220,0.9564418665005645,0.09094041585922241,0.9166403457629737,0.09508191136597152
221,0.961802206704344,0.11637027561664581,0.8957601450357797,0.12099177337471463
222,0.966817837515985,0.08557908982038498,0.9211673376699394,0.088516158870322
223,0.9714867527500365,0.09961290657520294,0.9094109336298606,0.1025364512246541
224,0.9758070849026564,0.11502501368522644,0.8968408669998696,0.11787667622850345
225,0.9797771058985874,0.10496199131011963,0.9050085051471595,0.1071283290351293
226,0.9833952277823638,0.11951372027397156,0.8932449704638513,0.12153160333295608
227,0.9866600033534735,0.12044410407543182,0.8925032461348709,0.1220724277802256
228,0.9895701267452174,0.0901528149843216,0.9173025893754004,0.09110291574577542
229,0.9921244339470403,0.10528700053691864,0.9047423877366032,0.10612267051561029
230,0.9943219032701179,0.1026814728975296,0.9068802048267736,0.10326773381145293
231,0.9961616557560208,0.08146339654922485,0.9246729969695124,0.0817772038316369
232,0.997642955528284,0.09098143130540848,0.916605884669783,0.09119629382932605
233,0.998765210086749,0.11711836606264114,0.895160289526496,0.1172630440235545
234,0.9995279705445557,0.08663744479417801,0.9202701460277875,0.08667827281382036
235,0.9999309318076908,0.11233337968587875,0.8990110503403201,0.11234102653647725
236,0.9999739326970221,0.08959855139255524,0.9177692084134618,0.0896007974428918
237,0.9996569560127669,0.09256982803344727,0.9152733073362763,0.09260150182035366
238,0.9989801285413727,0.09085647761821747,0.916710878578093,0.09094914310431305
239,0.997943721004804,0.10043752193450928,0.9087294644788687,0.10064437420279292
240,0.9965481479522567,0.09064735472202301,0.9168866505478972,0.09096124853278767
241,0.9947939675943442,0.10297298431396484,0.9066405199597769,0.10351176641250862
242,0.9926818815798214,0.1020822674036026,0.9073732783632402,0.10283472123659683
243,0.9902127347149328,0.11371944099664688,0.8978922008446926,0.11484332827334995
244,0.9873875146255033,0.09021088480949402,0.9172537294697276,0.09136310932653414
245,0.9842073513618992,0.09124374389648438,0.9163855514344742,0.0927077521443765
246,0.9806735169470246,0.1027810350060463,0.9067983291846483,0.10480647067899537
247,0.9767874248675281,0.09615279734134674,0.9122815746357993,0.09843769120665713
248,0.9725506295084279,0.09063304960727692,0.9168986767456637,0.09319099043933227
249,0.9679648255313774,0.09841267764568329,0.9104046414899187,0.10166957866684846
250,0.9630318471968246,0.08790994435548782,0.9191937303160066,0.09128447135668759
251,0.9577536676303309,0.09818410128355026,0.9105941333800104,0.10251487630592979
252,0.952132398033348,0.0836823433637619,0.9227796375236575,0.08788930578069162
253,0.9461702868387658,0.09145838767290115,0.9162053370922371,0.09666155477880857
254,0.9398697188115678,0.08579614013433456,0.920983196602891,0.09128504422695564
255,0.9332332140949592,0.08843392133712769,0.9187512263229652,0.09476069351238904
256,0.9262634272023402,0.09614431858062744,0.9122886312040347,0.10379791748131653
257,0.9189631459555395,0.10063760727643967,0.90856426619342,0.10951200622935796
258,0.9113352903697194,0.07674095779657364,0.9287284864192265,0.08420706890256796
259,0.9033829114854112,0.07811923325061798,0.927541193180385,0.08647401426727704
260,0.8951091901481378,0.06955809146165848,0.9349655787591674,0.07770897061304467
261,0.8865174357361202,0.08237476646900177,0.9238944134500378,0.0929194060139335
262,0.8776110848365669,0.0904364362359047,0.917064000036459,0.10304830322926352
263,0.868393699871089,0.0868178978562355,0.9201173462201119,0.09997515861062187
264,0.858868967670775,0.09094779193401337,0.91663414820907,0.10589238808833956
265,0.8490406980015112,0.09897281229496002,0.9099406180137638,0.11657002539206722
266,0.8389128220401223,0.09619949758052826,0.9122427096592778,0.1146714895536998
267,0.8284893908019575,0.0936666950583458,0.9143553557207401,0.11305706873398837
268,0.817774573520534,0.08887714147567749,0.9183772547973331,0.10868158007344277
269,0.8067726559799026,0.07964416593313217,0.9262310968315232,0.09871934382438012
270,0.7954880388003884,0.08803969621658325,0.919084113821654,0.11067367609407751
271,0.7839252356784049,0.09141305834054947,0.9162433895746681,0.1166092601320342
272,0.772088871581031,0.07468684762716293,0.9305036180613296,0.09673336016469752
273,0.7599836808960908,0.08270467072725296,0.9236128992851761,0.10882412870445843
274,0.7476145055384568,0.09857095777988434,0.9102734720212451,0.1318471287040661
275,0.7349862930133527,0.0945751816034317,0.9135964498437745,0.12867594107060776
276,0.7221040944374144,0.09888379275798798,0.9100143314428102,0.13693822896378738
277,0.7089730625183112,0.0771903544664383,0.9283410270558236,0.10887613320049298
278,0.6955984494937338,0.0733196958899498,0.9316888563857423,0.1054050516332536
279,0.681985605030565,0.07205942273139954,0.932784115130665,0.10566105287092845
280,0.6681399740850894,0.07700902223587036,0.9284973285776198,0.1152586433444255
281,0.6540670947250777,0.07346886396408081,0.9315593899083605,0.11232601705631541
282,0.6397725959146394,0.06984956562519073,0.934710852937186,0.10917856890503852
283,0.6252621952627065,0.07050268352031708,0.9341405821716663,0.11275681033919664
284,0.6105416967360717,0.06185730919241905,0.9417461191283188,0.10131528805946723
285,0.5956169883378738,0.07511986792087555,0.9301288440830822,0.1261208851843182
286,0.5804940397524798,0.06413818895816803,0.9397275752118607,0.11048878037875437
287,0.5651788999576859,0.0659639835357666,0.9381179997123671,0.11671325102096733
288,0.5496776948052122,0.08651451021432877,0.920374270752019,0.1573910559604036
289,0.5339966245704384,0.08235648274421692,0.9239100203516964,0.15422630917219268
290,0.5181419614723817,0.07130543887615204,0.9334406077962653,0.13761730676322773
291,0.502120047164887,0.07858268916606903,0.9271426382460978,0.1565014842731019
292,0.48593729020005627,0.062439218163490295,0.941230315018471,0.12849207280575617
293,0.46960016346490674,0.060613345354795456,0.9428506669086658,0.12907409536119066
294,0.45311520159230845,0.06773484498262405,0.9365621106205199,0.14948669843319468
295,0.43648899834721244,0.07077351957559586,0.9339043053626811,0.1621423625823793
296,0.4197282039892384,0.06334305554628372,0.9404302729811483,0.15091410114962553
297,0.40283952261265377,0.06179458275437355,0.9418017535990117,0.1533971367964671
298,0.3858297094648314,0.05185924097895622,0.9506975468212921,0.13440931399910563
299,0.3687055682442343,0.04505972936749458,0.9568831061983737,0.12221027030266152
300,0.35147394837903334,0.040684279054403305,0.960906223075292,0.11575299816398027
301,0.334141742287422,0.04816482216119766,0.9540484271720862,0.14414445105549348
302,0.3167158826207433,0.05750175565481186,0.9456249076208801,0.18155570103810373
303,0.2992033394905236,0.0665094330906868,0.9376382139462696,0.22228766201699188
304,0.28161111768051605,0.059795718640089035,0.9435780711429766,0.21233361381105845
305,0.2639462538448863,0.056590065360069275,0.9464408504155448,0.2143991442825373
306,0.2462158136936388,0.05236683040857315,0.9502389956663285,0.2126858422988604
307,0.22842688916643272,0.0427822545170784,0.9589729741451237,0.1872899787902309
308,0.21058659559589504,0.035638477653265,0.9655879166115756,0.16923350851895902
309,0.19270206886158808,0.0307171568274498,0.9701982676586104,0.15940149271578474
310,0.17478046253574675,0.03308774158358574,0.9679719928407372,0.18930921565448366
311,0.1568289450219515,0.03200998529791832,0.9689828724974229,0.20410633500788308
312,0.13885469668785583,0.03527121990919113,0.9659304545215842,0.25401348846695115
313,0.12086490699314151,0.032016947865486145,0.9689763351932286,0.26489643491694426
314,0.1028667716138242,0.03584397956728935,0.9653963528539667,0.34844712785119136
315,0.11513251043591474,0.033172041177749634,0.9678930131133479,0.2881180383726226
316,0.13312573968324423,0.04353320598602295,0.9582828742427139,0.3270057246921535
317,0.15110571907637024,0.03240647166967392,0.9686107433855349,0.21446082522177914
318,0.16906525686326704,0.034303564578294754,0.9668341425543854,0.2029001245709124
319,0.18699716946827552,0.04132125899195671,0.9603184333027471,0.2209714624985509
320,0.20489428436544427,0.04221683740615845,0.9594932303039485,0.2060410396310631
321,0.22274944294743787,0.03563955798745155,0.9655869093522175,0.15999769749441697
322,0.24055550338889073,0.03389126807451248,0.9672196979304888,0.14088693341091202
323,0.2583053435030356,0.037834081798791885,0.9635451538330508,0.14646981288071723
324,0.2759918635904898,0.03906234726309776,0.9624061565064036,0.14153390328619997
325,0.293607989279034,0.03621084243059158,0.9650545613423099,0.12333015593122144
326,0.3111466743532719,0.039282649755477905,0.9622021499495634,0.12625082233742502
327,0.32860090357302085,0.04187443107366562,0.9598085625054514,0.12743210133096633
328,0.34596369547931116,0.04608859494328499,0.9559419774136972,0.13321762464644635
329,0.36322810518688275,0.04518624767661095,0.9567672768589738,0.12440150591281074
330,0.3803872271620401,0.0414830781519413,0.9601692250002267,0.10905457947905967
331,0.39743419798477986,0.05180389806628227,0.950747569806955,0.13034552130500066
332,0.41436219909406136,0.055883415043354034,0.9470742562605177,0.13486577757275298
333,0.43116445951514626,0.05865307152271271,0.9445965131538804,0.13603378987887668
334,0.4478342585678914,0.054219089448451996,0.9485694292665309,0.12106927360261081
335,0.4643649285549385,0.05510769039392471,0.947770553758972,0.11867298396636135
336,0.48074985742869714,0.055398911237716675,0.9475090312792271,0.11523413922549935
337,0.4969824914360821,0.0523991733789444,0.9502097923445663,0.10543443450713402
338,0.5130563377399213,0.05527898669242859,0.9476167085770465,0.1077442668219874
339,0.5289649670160096,0.06043129414319992,0.9430125322810029,0.11424420078309294
340,0.5447020160247473,0.05317401885986328,0.9495107001239662,0.09762020274447579
341,0.5602611901563571,0.07050503045320511,0.9341385341988011,0.1258429208537679
342,0.5756362659486377,0.06854688376188278,0.9358503732465538,0.1190799967561499
343,0.5908210935762718,0.07171217352151871,0.9330863497744165,0.1213769327538884
344,0.6058095993106687,0.07664978504180908,0.9288071329166405,0.12652433801756896
345,0.6205957879493801,0.06398951262235641,0.9398588878337297,0.10310964198476615
346,0.6351737452140958,0.07374469190835953,0.9313200871081434,0.11610142321307612
347,0.6495376401162812,0.08193307369947433,0.9242715878725114,0.1261404151180391
348,0.6636817272894903,0.07611163705587387,0.9292716160340881,0.11468075622024573
349,0.6776003492874404,0.08630818873643875,0.9205490765591762,0.12737310636585905
350,0.6912879388469102,0.06595799326896667,0.9381232715684286,0.09541306038975034
351,0.7047390211145753,0.07237407565116882,0.9325104202959945,0.10269613401081755
352,0.7179482158368746,0.07221584022045135,0.9326480382852733,0.10058627912320128
353,0.7309102395120384,0.07209230214357376,0.9327555080850499,0.09863345676788758
354,0.7436199075034221,0.09225724637508392,0.9155352398152893,0.12406489038187694
355,0.7560721361132884,0.08902091532945633,0.9182560095252852,0.11774114312152684
356,0.7682619446162215,0.10848429799079895,0.9021327607549932,0.1412072503965309
357,0.7801844572513483,0.09910561144351959,0.9098306746761502,0.12702827324246221
358,0.7918349051725803,0.10001207888126373,0.9090809266540253,0.1263040463661043
359,0.803208628356085,0.09229610860347748,0.9155026664688205,0.11490911630675829
360,0.8143010774642377,0.07563157379627228,0.929686357635131,0.0928790136846898
361,0.8251078156652919,0.11096274852752686,0.9001201897411977,0.1344825632944628
362,0.8356245204080556,0.0889061987400055,0.9183527480669312,0.10639478638300863
363,0.8458469851508518,0.10411036759614944,0.9057065573772152,0.12308401677824178
364,0.8557711210440819,0.08623648434877396,0.9206098436285954,0.10077038294208675
365,0.865392958565708,0.09790819883346558,0.9108229641262414,0.11313714160396644
366,0.8747086491090116,0.08853362500667572,0.9186670737836575,0.1012148718112999
367,0.883714466521982,0.08520796149969101,0.9214823660324618,0.09642013151024952
368,0.8924068085977309,0.10301519930362701,0.906605820691624,0.11543511644692812
369,0.9007821985153237,0.10567032545804977,0.9044287225360115,0.11730938768864277
370,0.9088372862304642,0.09461241215467453,0.9135653761056518,0.1041025819313719
371,0.9165688498154656,0.08939217031002045,0.9179430761976368,0.09752903210597415
372,0.9239737967479806,0.09619121998548508,0.912249598216305,0.10410589155033173
373,0.931049165147967,0.09396214038133621,0.9141084166326061,0.10092059901670636
374,0.9377921249624023,0.10500691831111908,0.9049717096146235,0.11197236950881782
375,0.944199979097265,0.08427602052688599,0.9222743849984495,0.08925644263519075
376,0.9502701644963384,0.08803330361843109,0.9190895137808172,0.09264019251293434
377,0.956000253166398,0.09235125035047531,0.9154564520150045,0.09660159967844832
378,0.9613879531483752,0.07984914630651474,0.9260552767211712,0.08305602643448648
379,0.966431109434113,0.1187438890337944,0.8938596311472612,0.12286831933111575
380,0.9711277048283377,0.09584367275238037,0.9125389185195967,0.09869306949311343
381,0.9754758607555124,0.10553853958845139,0.9045365350829477,0.10819174071101101
382,0.9794738380112407,0.08583547919988632,0.9209498300210862,0.08763418504366036
383,0.9831200374579259,0.09015578031539917,0.9173000942220242,0.09170364266491197
384,0.9864130006644047,0.09309043735265732,0.9148373874918238,0.09437258320538407
385,0.9893514104893003,0.08668449521064758,0.9202303008898233,0.08761740942014419
386,0.9919340916078608,0.09770894795656204,0.910988292353404,0.09850336860064335
387,0.9941600109820743,0.0948227196931839,0.9133898867939485,0.09537964036581359
388,0.9960282782738693,0.08950257301330566,0.9178500581547386,0.08985937960419667
389,0.9975381462012393,0.0954388678073883,0.9128761352074195,0.09567430829239344
390,0.9986890108371445,0.10395573079586029,0.9058334243883884,0.10409209030610025
391,0.9994804118510752,0.11348439007997513,0.8980817413418574,0.11354327227536727
392,0.9999120326931776,0.09454178810119629,0.9136243228637193,0.0945500108610009
393,0.9999837007208701,0.12363182008266449,0.8899712362421625,0.12363371158932795
394,0.9996953872678968,0.10609112679958344,0.9040846416456187,0.10612334719896645
395,0.9990472076557948,0.11172878742218018,0.8994999601645189,0.11183523133918122
396,0.9980394211477669,0.0936359316110611,0.9143810760925496,0.09381977886564741
397,0.996672430844979,0.1051906943321228,0.9048212268963316,0.1055417863832712
398,0.9949467835253264,0.09016409516334534,0.9172930978341975,0.09062193680544062
399,0.9928631694247282,0.09909793734550476,0.9098370272763482,0.0998101657781877
400,0.9904224219610436,0.10909664630889893,0.9016346801949359,0.11015152094534172
401,0.9876255174007154,0.08328887075185776,0.9231148099084124,0.08433235568751389
402,0.984473574468276,0.1022491604089737,0.9072358917732941,0.10386165682765289
403,0.9809678538988726,0.1022208034992218,0.9072592322929296,0.10420392359343926
404,0.9771097579339915,0.08074955642223358,0.9252837478004147,0.08264114970238472
405,0.9729008297605777,0.09585905075073242,0.9125261130205906,0.09852900654357127
406,0.9683427528937821,0.09961628913879395,0.9094081361628317,0.1028728577440628
407,0.9634373505035777,0.06929764151573181,0.9351933093039444,0.0719274268867445
408,0.9581865846855169,0.09701745212078094,0.9115625262540497,0.1012510010267172
409,0.9525925556759169,0.07809579372406006,0.9275613594091725,0.08198228222176754
410,0.9466575010117958,0.09745938330888748,0.9111954530699412,0.1029509408141607
411,0.9403837946358856,0.08887645602226257,0.9183778329206106,0.09451073276517119
412,0.9337739459470895,0.09740947932004929,0.9112368890959427,0.1043179405731976
413,0.9268305987967522,0.08859502524137497,0.9186152580279056,0.0955891289813515
414,0.9195565304311574,0.10286447405815125,0.906729723843904,0.11186301090908438
415,0.9119546503806639,0.09200522303581238,0.9157465357353927,0.1008878260663312
416,0.9040279992959368,0.0960703045129776,0.9123502350922051,0.10626905175364698
417,0.8957797477317214,0.08942683786153793,0.917913865572583,0.0998311674904633
418,0.8872131948786687,0.09829740226268768,0.9105001959759009,0.1107933155602074
419,0.8783317672436997,0.10276982933282852,0.9068075435152194,0.11700557370224388
420,0.8691390172794525,0.08058895915746689,0.92542126358546,0.09272264256077316
421,0.8596386219633436,0.08535723388195038,0.9213556318442206,0.09929420620120061
422,0.8498343813268293,0.0916609987616539,0.9160352903826084,0.10785735776091787
423,0.839730216935442,0.07325688004493713,0.9317433865023349,0.08723848603876432
424,0.8293301703202194,0.0754099041223526,0.9298779899336198,0.09092857813753161
425,0.8186384013611412,0.07633710652589798,0.9290769536206999,0.0932487568995253
426,0.8076591866232363,0.08099889755249023,0.9250703236276361,0.1002883377118541
427,0.7963969176460121,0.0799633264541626,0.9259573686481506,0.10040624753329051
428,0.7848560991868969,0.07205961644649506,0.932783946581863,0.09181240320199435
429,0.7730413474194008,0.07323352992534637,0.9317636582501849,0.09473417616747298
430,0.760957388086702,0.08220232278108597,0.9240416315409126,0.1080247278537391
431,0.7486090546114162,0.0732375979423523,0.9317601264782692,0.09783143773077961
432,0.7360012861622902,0.0661754459142685,0.9379319359042999,0.08991201135980799
433,0.7231391256786044,0.06916492432355881,0.9353093963802468,0.09564525859860634
434,0.710027717853058,0.06722507625818253,0.9370094671183312,0.09467937643628507
435,0.696672307073965,0.07482074201107025,0.9303877017938126,0.1073971705982509
436,0.6830782353275657,0.08119505643844604,0.9249024901150493,0.11886623430956665
437,0.6692509400613097,0.06492933630943298,0.9390294415829984,0.09701777824280174
438,0.6551959520089403,0.061453357338905334,0.9421045146128977,0.0937937167602495
439,0.6409188929782813,0.06575236469507217,0.938304275108144,0.10259061298523356
440,0.6264254736025855,0.0658821240067482,0.9381900469827833,0.10517135974132667
441,0.6117214910563626,0.06442013382911682,0.9394786590541335,0.10530940871222814
442,0.5968128267365796,0.05791577696800232,0.9452548319734965,0.09704161393962653
443,0.5817054439101846,0.06275739520788193,0.9409485217502475,0.10788499227553967
444,0.5664053853288776,0.05972710996866226,0.9436391601131838,0.10544921723292786
445,0.5509187708120962,0.059002477675676346,0.944284853983367,0.10709813080169979
446,0.53525179479916,0.05083464831113815,0.9516245030625535,0.09497315811347153
447,0.519410723871584,0.0490204282104969,0.9532702825491016,0.09437682277386636
448,0.5034018942465264,0.06106084957718849,0.9424530180323588,0.1212961829879464
449,0.4872317092423918,0.05407566577196121,0.9486984971497673,0.11098529459576839
450,0.47090663671758093,0.052245426923036575,0.9503486300949655,0.11094622989596983
451,0.4544332064834389,0.05038987100124359,0.9520274591440877,0.11088485479818291
452,0.4378180076924165,0.05935470387339592,0.94397088750692,0.13556904298475483
453,0.4210676862024958,0.06172376498579979,0.9418645724798057,0.14658835246683785
454,0.40418894191894084,0.05635277181863785,0.9466534539199251,0.13942150947917265
455,0.3871885261144169,0.06253945082426071,0.9411415258268802,0.161521545925754
456,0.37007323872857645,0.052544206380844116,0.9500788602870026,0.14198288041168305
457,0.35284992564817164,0.05348480865359306,0.9492305838544085,0.15157905156503082
458,0.33552547596879634,0.058321841061115265,0.9448921501963529,0.1738218746902678
459,0.3181068192393314,0.04555528983473778,0.9564295735695256,0.1432070734497219
460,0.30060092269022287,0.057533666491508484,0.9455963736054067,0.1913948719176964
461,0.28301478844668004,0.05609350651502609,0.9468858522763505,0.19819921292339515
462,0.2653554507279247,0.05626774579286575,0.9467296563612955,0.21204589388542208
463,0.24762997303358816,0.05656449496746063,0.9464637556562956,0.22842253646432323
464,0.22984544531841156,0.0607011653482914,0.9427726042628042,0.2640944273216872
465,0.21200898115635552,0.05619066581130028,0.9467987479626719,0.2650378322040421
466,0.19412771489527175,0.04914059489965439,0.9531610966742218,0.25313408645477653
467,0.1762087988032493,0.05356431007385254,0.9491589554033983,0.3039803145888662
468,0.15825940020780932,0.049511052668094635,0.9528246486378334,0.3128454913742315
469,0.14028669862906626,0.04740133509039879,0.9547438660785097,0.3378866112540083
470,0.12229788290802199,0.044394489377737045,0.95749260473005,0.3629999581527254
471,0.10430014833111567,0.04363719001412392,0.9581873945930066,0.4183768895390564
472,0.11369930624778857,0.045088477432727814,0.9568567844671982,0.3965554616402343
473,0.13169328128685026,0.043150193989276886,0.9586347256244478,0.3276542729694479
474,0.14967457943596707,0.040734320878982544,0.960860019640191,0.2721507478540222
475,0.16763600841562837,0.0499751940369606,0.9524034526522334,0.2981155206078084
476,0.18557038389372488,0.061859406530857086,0.9417442590324132,0.3333456119844611
477,0.2034705323591871,0.06656010448932648,0.9375936675212545,0.3271224417370992
478,0.22132929399129597,0.06729170680046082,0.9369509700378085,0.3040329707559469
479,0.23913952552350906,0.07014688104391098,0.9344511652685622,0.29332912474935197
480,0.2568941031006817,0.08108428120613098,0.9249972619011093,0.31563186774468266
481,0.27458592512850755,0.08589057624340057,0.9209031019124082,0.3127992208777003
482,0.29220791511406485,0.08946637809276581,0.917880551532589,0.3061726506798818
483,0.309753024496313,0.08964577317237854,0.9177294352169282,0.28940955107250144
484,0.32721423546543227,0.08572139590978622,0.9210465997697729,0.26197250805836036
485,0.34458456376984825,0.08264601975679398,0.9236629348387023,0.23984179387153315
486,0.36185706150984176,0.0680425614118576,0.936292275354728,0.1880366050930359
487,0.37902481991661074,0.06613253057003021,0.9379696907525455,0.17448027837412236
488,0.3960809721156945,0.06840300559997559,0.9359764010008911,0.17269911385917674
489,0.4130186958736255,0.0685054287314415,0.9358866816308337,0.16586479873928964
490,0.4298312163267356,0.07971511781215668,0.9261702309275018,0.1854563589797594
491,0.4465118086910044,0.07627633213996887,0.9291294160596211,0.17082675044324114
492,0.46305380095189264,0.07323137670755386,0.9317655276421267,0.15814840178098483
493,0.479450576533053,0.07731448113918304,0.92823406489679,0.16125607866022534
494,0.495695576942875,0.08382437378168106,0.9226587113102089,0.16910420140210317
495,0.5117823043977893,0.08165692538022995,0.9245075555250335,0.15955371087440007
496,0.5277043244213019,0.08198712766170502,0.9242254130704047,0.1553653599224428
497,0.5434552684176942,0.08706124126911163,0.9199113739282341,0.16019916657249295
498,0.5590288362193789,0.08162087947130203,0.9245383655027088,0.14600451386153157
499,0.5744187986068774,0.07588103413581848,0.929470794885079,0.13210031116589366
